2026-08-08T14:57:06.471885 - Starting polling fallback for Execution 91a31b6a-6329-4390-b307-281720ed60a1 (Lead: call_1786201025232)
2026-08-08T14:57:17.167178 - Poll 0: Status=ringing, TranscriptLen=0
2026-08-08T14:57:27.719685 - Poll 1: Status=ringing, TranscriptLen=0
2026-08-08T14:57:54.800520 - Poll 2: Status=busy, TranscriptLen=0
2026-08-08T14:58:05.180797 - Poll 3: Status=busy, TranscriptLen=0
2026-08-08T14:58:15.765279 - Poll 4: Status=busy, TranscriptLen=0
2026-08-08T14:58:27.567365 - Poll 5: Status=busy, TranscriptLen=0
2026-08-08T14:58:53.048247 - Polling error for call_1786201025232: HTTPSConnectionPool(host='api.bolna.ai', port=443): Read timed out. (read timeout=15)
2026-08-08T14:59:03.425483 - Poll 7: Status=busy, TranscriptLen=0
2026-08-08T14:59:14.182505 - Poll 8: Status=busy, TranscriptLen=0
2026-08-08T14:59:24.565208 - Poll 9: Status=busy, TranscriptLen=0
2026-08-08T14:59:35.063510 - Poll 10: Status=busy, TranscriptLen=0
2026-08-08T14:59:45.682463 - Poll 11: Status=busy, TranscriptLen=0
2026-08-08T14:59:56.053362 - Poll 12: Status=busy, TranscriptLen=0
2026-08-08T15:00:06.466911 - Poll 13: Status=busy, TranscriptLen=0
2026-08-08T15:00:16.863286 - Poll 14: Status=busy, TranscriptLen=0
2026-08-08T15:00:27.841094 - Poll 15: Status=busy, TranscriptLen=0
2026-08-08T15:00:38.223166 - Poll 16: Status=busy, TranscriptLen=0
2026-08-10T08:49:57.922334 - Starting polling fallback for Execution 64c662c1-7798-494d-b5d5-f1e672a2e4a5 (Lead: call_1786351796728)
2026-08-10T08:50:11.771203 - Poll 0: Status=ringing, TranscriptLen=0
2026-08-10T08:50:25.968590 - Poll 1: Status=ringing, TranscriptLen=0
2026-08-10T08:50:50.400422 - Poll 2: Status=busy, TranscriptLen=0
2026-08-10T08:51:00.843340 - Poll 3: Status=busy, TranscriptLen=0
2026-08-10T08:51:11.272564 - Poll 4: Status=busy, TranscriptLen=0
2026-08-10T08:51:21.678885 - Poll 5: Status=busy, TranscriptLen=0
2026-08-10T08:51:32.059318 - Poll 6: Status=busy, TranscriptLen=0
2026-08-10T08:51:42.456450 - Poll 7: Status=busy, TranscriptLen=0
2026-08-10T08:51:52.839811 - Poll 8: Status=busy, TranscriptLen=0
2026-08-10T08:52:03.504242 - Poll 9: Status=busy, TranscriptLen=0
2026-08-10T08:52:15.769377 - Poll 10: Status=busy, TranscriptLen=0
2026-08-10T08:52:26.192603 - Poll 11: Status=busy, TranscriptLen=0
2026-08-10T08:52:36.691759 - Poll 12: Status=busy, TranscriptLen=0
2026-08-10T08:52:47.276818 - Poll 13: Status=busy, TranscriptLen=0
2026-08-10T08:52:57.733358 - Poll 14: Status=busy, TranscriptLen=0
2026-08-10T08:53:08.122875 - Poll 15: Status=busy, TranscriptLen=0
2026-08-10T08:53:18.634721 - Poll 16: Status=busy, TranscriptLen=0
2026-08-10T08:53:29.011998 - Poll 17: Status=busy, TranscriptLen=0
2026-08-10T08:53:39.394940 - Poll 18: Status=busy, TranscriptLen=0
2026-08-10T08:53:49.739259 - Poll 19: Status=busy, TranscriptLen=0
2026-08-10T08:54:00.225492 - Poll 20: Status=busy, TranscriptLen=0
2026-08-10T08:54:10.641461 - Poll 21: Status=busy, TranscriptLen=0
2026-08-10T08:54:21.028943 - Poll 22: Status=busy, TranscriptLen=0
2026-08-10T08:54:31.449297 - Poll 23: Status=busy, TranscriptLen=0
2026-08-10T08:54:41.836502 - Poll 24: Status=busy, TranscriptLen=0
2026-08-10T08:54:52.317899 - Poll 25: Status=busy, TranscriptLen=0
2026-08-10T08:55:02.741171 - Poll 26: Status=busy, TranscriptLen=0
2026-08-10T08:55:13.176933 - Poll 27: Status=busy, TranscriptLen=0
2026-08-10T08:55:23.581607 - Poll 28: Status=busy, TranscriptLen=0
2026-08-10T09:04:48.063083 - Starting polling fallback for Execution 35eca2bc-064f-4db3-bc1b-20c33d5e2377 (Lead: call_1786352686851)
2026-08-10T09:04:58.676916 - Poll 0: Status=ringing, TranscriptLen=0
2026-08-10T09:05:09.147867 - Poll 1: Status=ringing, TranscriptLen=0
2026-08-10T09:05:19.580928 - Poll 2: Status=busy, TranscriptLen=0
2026-08-10T09:05:30.041466 - Poll 3: Status=busy, TranscriptLen=0
2026-08-10T09:06:05.561980 - Poll 4: Status=busy, TranscriptLen=0
2026-08-10T09:06:16.008696 - Poll 5: Status=busy, TranscriptLen=0
2026-08-10T09:06:26.384683 - Poll 6: Status=busy, TranscriptLen=0
2026-08-10T09:06:36.840336 - Poll 7: Status=busy, TranscriptLen=0
2026-08-10T09:06:47.257956 - Poll 8: Status=busy, TranscriptLen=0
2026-08-10T09:08:09.932769 - Starting polling fallback for Execution 183b35dc-3891-4246-901c-1bebb52930a9 (Lead: call_1786352888847)
2026-08-10T09:08:20.415932 - Poll 0: Status=ringing, TranscriptLen=0
2026-08-10T09:08:30.881096 - Poll 1: Status=ringing, TranscriptLen=0
2026-08-10T09:08:41.268700 - Poll 2: Status=busy, TranscriptLen=0
2026-08-10T09:08:51.703505 - Poll 3: Status=busy, TranscriptLen=0
2026-08-10T09:09:02.188262 - Poll 4: Status=busy, TranscriptLen=0
2026-08-10T09:09:12.579428 - Poll 5: Status=busy, TranscriptLen=0
2026-08-10T09:09:22.982298 - Poll 6: Status=busy, TranscriptLen=0
2026-08-10T09:09:33.604625 - Poll 7: Status=busy, TranscriptLen=0
2026-08-10T09:09:44.436859 - Poll 8: Status=busy, TranscriptLen=0
2026-08-10T09:09:54.930704 - Poll 9: Status=busy, TranscriptLen=0
2026-08-10T09:10:05.734861 - Poll 10: Status=busy, TranscriptLen=0
2026-08-10T09:10:20.393067 - Poll 11: Status=busy, TranscriptLen=0
2026-08-10T09:10:30.960005 - Poll 12: Status=busy, TranscriptLen=0
2026-08-10T09:10:41.440068 - Poll 13: Status=busy, TranscriptLen=0
2026-08-10T09:10:51.886451 - Poll 14: Status=busy, TranscriptLen=0
2026-08-10T09:11:04.229952 - Poll 15: Status=busy, TranscriptLen=0
2026-08-10T09:11:14.751487 - Poll 16: Status=busy, TranscriptLen=0
2026-08-10T09:11:25.282660 - Poll 17: Status=busy, TranscriptLen=0
2026-08-10T09:11:35.899888 - Poll 18: Status=busy, TranscriptLen=0
2026-08-10T09:11:46.410322 - Poll 19: Status=busy, TranscriptLen=0
2026-08-10T09:11:57.354353 - Poll 20: Status=busy, TranscriptLen=0
2026-08-10T09:12:07.790746 - Poll 21: Status=busy, TranscriptLen=0
2026-08-10T09:12:18.505340 - Poll 22: Status=busy, TranscriptLen=0
2026-08-10T09:12:29.097551 - Poll 23: Status=busy, TranscriptLen=0
2026-08-10T09:12:39.689860 - Poll 24: Status=busy, TranscriptLen=0
2026-08-10T09:12:50.291868 - Poll 25: Status=busy, TranscriptLen=0
2026-08-10T09:13:01.469664 - Poll 26: Status=busy, TranscriptLen=0
2026-08-10T09:13:11.980113 - Poll 27: Status=busy, TranscriptLen=0
2026-08-10T09:13:22.787013 - Poll 28: Status=busy, TranscriptLen=0
2026-08-10T09:13:33.346960 - Poll 29: Status=busy, TranscriptLen=0
2026-08-10T09:13:43.949333 - Poll 30: Status=busy, TranscriptLen=0
2026-08-10T09:13:54.392168 - Poll 31: Status=busy, TranscriptLen=0
2026-08-10T09:19:56.211614 - Starting polling fallback for Execution 171b2b21-d14e-40bc-a68d-eb09b333d5f2 (Lead: call_1786353595056)
2026-08-10T09:19:56.219752 - Poll 32: Status=busy, TranscriptLen=0
2026-08-10T09:20:06.705963 - Poll 0: Status=ringing, TranscriptLen=0
2026-08-10T09:20:06.709577 - Poll 33: Status=busy, TranscriptLen=0
2026-08-10T09:20:17.223927 - Poll 1: Status=ringing, TranscriptLen=0
2026-08-10T09:20:17.235784 - Poll 34: Status=busy, TranscriptLen=0
2026-08-10T09:20:27.665961 - Poll 2: Status=busy, TranscriptLen=0
2026-08-10T09:20:27.697814 - Poll 35: Status=busy, TranscriptLen=0
2026-08-10T09:20:38.114403 - Poll 3: Status=busy, TranscriptLen=0
2026-08-10T09:20:38.132379 - Poll 36: Status=busy, TranscriptLen=0
2026-08-10T09:20:48.792182 - Poll 4: Status=busy, TranscriptLen=0
2026-08-10T09:20:49.069454 - Poll 37: Status=busy, TranscriptLen=0
2026-08-10T09:20:59.565516 - Poll 5: Status=busy, TranscriptLen=0
2026-08-10T09:20:59.806588 - Poll 38: Status=busy, TranscriptLen=0
2026-08-10T09:21:10.028516 - Poll 6: Status=busy, TranscriptLen=0
2026-08-10T09:21:10.241290 - Poll 39: Status=busy, TranscriptLen=0
2026-08-10T09:21:20.449154 - Poll 7: Status=busy, TranscriptLen=0
2026-08-10T09:21:20.634051 - Poll 40: Status=busy, TranscriptLen=0
2026-08-10T09:21:31.282906 - Poll 8: Status=busy, TranscriptLen=0
2026-08-10T09:21:31.419307 - Poll 41: Status=busy, TranscriptLen=0
2026-08-10T09:21:41.737868 - Poll 9: Status=busy, TranscriptLen=0
2026-08-10T09:21:41.918779 - Poll 42: Status=busy, TranscriptLen=0
2026-08-10T09:21:52.187974 - Poll 10: Status=busy, TranscriptLen=0
2026-08-10T09:21:52.350979 - Poll 43: Status=busy, TranscriptLen=0
2026-08-10T09:22:02.764676 - Poll 11: Status=busy, TranscriptLen=0
2026-08-10T09:22:02.765675 - Poll 44: Status=busy, TranscriptLen=0
2026-08-10T09:22:14.011548 - Poll 12: Status=busy, TranscriptLen=0
2026-08-10T09:22:14.031487 - Poll 45: Status=busy, TranscriptLen=0
2026-08-10T09:22:24.428954 - Poll 13: Status=busy, TranscriptLen=0
2026-08-10T09:22:24.445737 - Poll 46: Status=busy, TranscriptLen=0
2026-08-10T09:22:35.254801 - Poll 14: Status=busy, TranscriptLen=0
2026-08-10T09:22:35.263457 - Poll 47: Status=busy, TranscriptLen=0
2026-08-10T09:22:45.675723 - Poll 15: Status=busy, TranscriptLen=0
2026-08-10T09:22:45.735062 - Poll 48: Status=busy, TranscriptLen=0
2026-08-10T09:24:08.411054 - Starting polling fallback for Execution 43c9dc99-f040-490a-9504-f62f66362ee0 (Lead: call_1786353847388)
2026-08-10T09:24:18.810422 - Poll 0: Status=queued, TranscriptLen=0
2026-08-10T09:24:29.273342 - Poll 1: Status=queued, TranscriptLen=0
2026-08-10T09:24:39.894086 - Poll 2: Status=ringing, TranscriptLen=0
2026-08-10T09:25:04.202950 - Poll 3: Status=busy, TranscriptLen=0
2026-08-10T09:27:48.665765 - Starting polling fallback for Execution 8da02548-a91e-4dd8-b33c-403491dc7f8f (Lead: call_1786354067452)
2026-08-10T09:27:59.055010 - Poll 0: Status=ringing, TranscriptLen=0
2026-08-10T09:28:09.700958 - Poll 1: Status=ringing, TranscriptLen=0
2026-08-10T09:28:20.328074 - Poll 2: Status=busy, TranscriptLen=0
2026-08-10T09:33:13.703686 - Starting polling fallback for Execution f34ec6ab-121b-4201-9c0f-e22c717d828c (Lead: call_1786354392519)
2026-08-10T09:33:24.266349 - Poll 0: Status=queued, TranscriptLen=0
2026-08-10T09:33:55.302795 - Poll 1: Status=ringing, TranscriptLen=0
2026-08-10T09:34:05.833881 - Poll 2: Status=busy, TranscriptLen=0
2026-08-10T09:38:45.869246 - Starting polling fallback for Execution d0ac6b16-4c46-49cb-9aaf-7ce11cd9421d (Lead: call_1786354724654)
2026-08-10T09:38:56.330906 - Poll 0: Status=ringing, TranscriptLen=0
2026-08-10T09:39:06.979730 - Poll 1: Status=ringing, TranscriptLen=0
2026-08-10T09:39:17.600039 - Poll 2: Status=ringing, TranscriptLen=0
2026-08-10T09:39:28.091270 - Poll 3: Status=busy, TranscriptLen=0
2026-08-10T09:40:51.277986 - Starting polling fallback for Execution 4400abed-5f63-451a-8f96-f29eee48f28b (Lead: call_1786354849935)
2026-08-10T09:41:02.168538 - Poll 0: Status=ringing, TranscriptLen=0
2026-08-10T09:41:12.695261 - Poll 1: Status=ringing, TranscriptLen=0
2026-08-10T09:41:23.249018 - Poll 2: Status=busy, TranscriptLen=0
2026-08-10T09:41:43.681528 - Starting polling fallback for Execution 7f67fb53-682c-4a47-97fb-35be7225d938 (Lead: call_1786354902835)
2026-08-10T09:41:54.185165 - Poll 0: Status=queued, TranscriptLen=0
2026-08-10T09:42:04.782266 - Poll 1: Status=queued, TranscriptLen=0
2026-08-10T09:42:15.378422 - Poll 2: Status=queued, TranscriptLen=0
2026-08-10T09:42:25.874377 - Poll 3: Status=queued, TranscriptLen=0
2026-08-10T09:42:36.396073 - Poll 4: Status=queued, TranscriptLen=0
2026-08-10T09:42:46.953469 - Poll 5: Status=queued, TranscriptLen=0
2026-08-10T09:42:57.463146 - Poll 6: Status=queued, TranscriptLen=0
2026-08-10T09:43:07.990520 - Poll 7: Status=ringing, TranscriptLen=0
2026-08-10T09:43:18.513275 - Poll 8: Status=ringing, TranscriptLen=0
2026-08-10T09:43:29.070384 - Poll 9: Status=busy, TranscriptLen=0
2026-08-10T09:44:27.933420 - Starting polling fallback for Execution 2249cc8c-69db-4cef-853b-2c34b9197e2d (Lead: call_1786355066820)
2026-08-10T09:44:38.421968 - Poll 0: Status=queued, TranscriptLen=0
2026-08-10T09:44:49.297990 - Poll 1: Status=ringing, TranscriptLen=0
2026-08-10T09:45:00.192388 - Poll 2: Status=ringing, TranscriptLen=0
2026-08-10T09:45:10.682890 - Poll 3: Status=busy, TranscriptLen=0
2026-08-10T09:56:14.062188 - Starting polling fallback for Execution 69ea186a-50b7-413e-89ad-517c2cde4b2a (Lead: call_1786355772347)
2026-08-10T09:56:24.817658 - Poll 0: Status=ringing, TranscriptLen=0
2026-08-10T09:56:35.407336 - Poll 1: Status=ringing, TranscriptLen=0
2026-08-10T09:56:45.922775 - Poll 2: Status=busy, TranscriptLen=0
2026-08-10T10:00:05.015354 - Starting polling fallback for Execution 41671e7d-9e2e-4b6b-ad12-78129dd557d0 (Lead: call_1786356003369)
2026-08-10T10:00:15.451703 - Poll 0: Status=queued, TranscriptLen=0
2026-08-10T10:00:26.143203 - Poll 1: Status=queued, TranscriptLen=0
2026-08-10T10:00:36.599888 - Poll 2: Status=queued, TranscriptLen=0
2026-08-10T10:00:47.195090 - Poll 3: Status=queued, TranscriptLen=0
2026-08-10T10:00:57.744628 - Poll 4: Status=queued, TranscriptLen=0
2026-08-10T10:01:08.305972 - Poll 5: Status=ringing, TranscriptLen=0
2026-08-10T10:01:18.942646 - Poll 6: Status=ringing, TranscriptLen=0
2026-08-10T10:01:29.504981 - Poll 7: Status=busy, TranscriptLen=0
2026-08-10T10:10:21.945731 - Starting polling fallback for Execution 07a91427-4760-498a-b334-ffbe2ee4f7f5 (Lead: call_1786356620647)
2026-08-10T10:10:32.550867 - Poll 0: Status=ringing, TranscriptLen=0
2026-08-10T10:10:43.171995 - Poll 1: Status=ringing, TranscriptLen=0
2026-08-10T10:10:53.923684 - Poll 2: Status=busy, TranscriptLen=0
2026-08-10T10:12:00.122867 - Starting polling fallback for Execution eae044e9-7d92-4d6f-a2cd-e6cc56f96e40 (Lead: call_1786356717415)
2026-08-10T10:12:10.746912 - Poll 0: Status=ringing, TranscriptLen=0
2026-08-10T10:13:27.844298 - Poll 1: Status=busy, TranscriptLen=0
2026-08-10T10:20:45.369210 - Starting polling fallback for Execution 1ce1b785-fb85-432c-9146-764ab8b497dc (Lead: call_1786357244245)
2026-08-10T10:20:59.117819 - Poll 0: Status=ringing, TranscriptLen=0
2026-08-10T10:21:09.784455 - Poll 1: Status=ringing, TranscriptLen=0
2026-08-10T10:21:37.047959 - Poll 2: Status=busy, TranscriptLen=0
2026-08-10T10:22:33.331197 - Starting polling fallback for Execution eb6d0ed8-b30a-4edd-9427-bb7e3e7663b3 (Lead: call_1786357352311)
2026-08-10T10:22:43.897751 - Poll 0: Status=ringing, TranscriptLen=0
2026-08-10T10:23:29.285050 - Poll 1: Status=busy, TranscriptLen=0
2026-08-10T10:24:40.069828 - Starting polling fallback for Execution be964be3-9101-484a-9c3f-44a1634e9b65 (Lead: call_1786357478975)
2026-08-10T10:24:42.471516 - Poll 0: Status=ringing, TranscriptLen=0
2026-08-10T10:24:45.063642 - Poll 1: Status=ringing, TranscriptLen=0
2026-08-10T10:24:47.487692 - Poll 2: Status=ringing, TranscriptLen=0
2026-08-10T10:25:21.736737 - Poll 3: Status=busy, TranscriptLen=0
2026-08-10T10:26:23.201545 - Starting polling fallback for Execution dc0123db-305f-442b-b8ea-51310adc11c0 (Lead: call_1786357582263)
2026-08-10T10:26:25.684063 - Poll 0: Status=ringing, TranscriptLen=0
2026-08-10T10:26:51.995621 - Poll 1: Status=in-progress, TranscriptLen=0
2026-08-10T10:26:55.012094 - Poll 2: Status=in-progress, TranscriptLen=0
2026-08-10T10:26:57.582912 - Poll 3: Status=in-progress, TranscriptLen=0
2026-08-10T10:27:00.193477 - Poll 4: Status=in-progress, TranscriptLen=0
2026-08-10T10:27:03.150689 - Poll 5: Status=in-progress, TranscriptLen=0
2026-08-10T10:27:06.767588 - Poll 6: Status=call-disconnected, TranscriptLen=451
2026-08-10T10:27:09.357345 - Poll 7: Status=call-disconnected, TranscriptLen=451
2026-08-10T10:27:11.769499 - Poll 8: Status=call-disconnected, TranscriptLen=451
2026-08-10T10:27:14.354394 - Poll 9: Status=call-disconnected, TranscriptLen=451
2026-08-10T10:27:16.767683 - Poll 10: Status=call-disconnected, TranscriptLen=451
2026-08-10T10:27:19.249548 - Poll 11: Status=call-disconnected, TranscriptLen=451
2026-08-10T10:27:21.797131 - Poll 12: Status=call-disconnected, TranscriptLen=451
2026-08-10T10:27:24.298026 - Poll 13: Status=completed, TranscriptLen=451
2026-08-10T10:47:01.311747 - Starting polling fallback for Execution 42dcbdc2-4294-438f-81c2-8cece19bcdae (Lead: call_1786358820026)
2026-08-10T10:47:03.773018 - Poll 0: Status=initiated, TranscriptLen=0
2026-08-10T10:47:06.415604 - Poll 1: Status=ringing, TranscriptLen=0
2026-08-10T10:47:09.616133 - Poll 2: Status=in-progress, TranscriptLen=0
2026-08-10T10:47:46.346779 - Poll 3: Status=in-progress, TranscriptLen=0
2026-08-10T10:47:49.012155 - Poll 4: Status=in-progress, TranscriptLen=0
2026-08-10T10:47:51.512777 - Poll 5: Status=in-progress, TranscriptLen=0
2026-08-10T10:47:54.087662 - Poll 6: Status=in-progress, TranscriptLen=0
2026-08-10T10:47:56.576352 - Poll 7: Status=in-progress, TranscriptLen=0
2026-08-10T10:48:03.374216 - Poll 8: Status=in-progress, TranscriptLen=0
2026-08-10T10:48:05.932032 - Poll 9: Status=in-progress, TranscriptLen=0
2026-08-10T10:48:08.574283 - Poll 10: Status=in-progress, TranscriptLen=0
2026-08-10T10:48:11.221441 - Poll 11: Status=in-progress, TranscriptLen=0
2026-08-10T10:48:13.843413 - Poll 12: Status=in-progress, TranscriptLen=0
2026-08-10T10:48:16.628573 - Poll 13: Status=in-progress, TranscriptLen=0
2026-08-10T10:48:19.394643 - Poll 14: Status=in-progress, TranscriptLen=0
2026-08-10T10:48:22.037155 - Poll 15: Status=in-progress, TranscriptLen=0
2026-08-10T10:48:24.623824 - Poll 16: Status=in-progress, TranscriptLen=0
2026-08-10T10:48:33.735143 - Poll 17: Status=in-progress, TranscriptLen=0
2026-08-10T10:48:36.364784 - Poll 18: Status=in-progress, TranscriptLen=0
2026-08-10T10:48:38.927879 - Poll 19: Status=in-progress, TranscriptLen=0
2026-08-10T10:48:41.581596 - Poll 20: Status=in-progress, TranscriptLen=0
2026-08-10T10:48:44.086855 - Poll 21: Status=in-progress, TranscriptLen=0
2026-08-10T10:48:46.658236 - Poll 22: Status=in-progress, TranscriptLen=0
2026-08-10T10:48:49.298945 - Poll 23: Status=in-progress, TranscriptLen=0
2026-08-10T10:48:52.016619 - Poll 24: Status=in-progress, TranscriptLen=0
2026-08-10T10:48:54.584768 - Poll 25: Status=in-progress, TranscriptLen=0
2026-08-10T10:48:57.346287 - Poll 26: Status=in-progress, TranscriptLen=0
2026-08-10T10:49:00.024079 - Poll 27: Status=in-progress, TranscriptLen=0
2026-08-10T10:49:02.944975 - Poll 28: Status=in-progress, TranscriptLen=0
2026-08-10T10:49:05.484980 - Poll 29: Status=in-progress, TranscriptLen=0
2026-08-10T10:49:08.108677 - Poll 30: Status=in-progress, TranscriptLen=0
2026-08-10T10:49:10.673185 - Poll 31: Status=in-progress, TranscriptLen=1750
2026-08-10T10:49:13.218576 - Poll 32: Status=call-disconnected, TranscriptLen=1750
2026-08-10T10:49:15.971319 - Poll 33: Status=call-disconnected, TranscriptLen=1750
2026-08-10T10:49:18.427296 - Poll 34: Status=call-disconnected, TranscriptLen=1750
2026-08-10T10:49:20.941898 - Poll 35: Status=call-disconnected, TranscriptLen=1750
2026-08-10T10:49:23.741044 - Poll 36: Status=call-disconnected, TranscriptLen=1750
2026-08-10T10:49:26.298248 - Poll 37: Status=call-disconnected, TranscriptLen=1750
2026-08-10T10:49:28.983902 - Poll 38: Status=call-disconnected, TranscriptLen=1750
2026-08-10T10:49:31.684521 - Poll 39: Status=completed, TranscriptLen=1750
2026-08-20T15:15:42.639388 - Starting polling fallback for Execution 4ebf3164-6f59-4a39-bf30-73127c8c2f35 (Lead: call_1787238941596)
2026-08-20T15:15:45.051100 - Poll 0: Status=ringing, TranscriptLen=0
2026-08-20T15:15:47.584766 - Poll 1: Status=ringing, TranscriptLen=0
2026-08-20T15:15:50.043219 - Poll 2: Status=ringing, TranscriptLen=0
2026-08-20T15:15:52.531269 - Poll 3: Status=ringing, TranscriptLen=0
2026-08-20T15:15:54.955464 - Poll 4: Status=ringing, TranscriptLen=0
2026-08-20T15:15:57.432735 - Poll 5: Status=ringing, TranscriptLen=0
2026-08-20T15:15:59.849870 - Poll 6: Status=ringing, TranscriptLen=0
2026-08-20T15:16:02.333335 - Poll 7: Status=ringing, TranscriptLen=0
2026-08-20T15:16:04.770592 - Poll 8: Status=ringing, TranscriptLen=0
2026-08-20T15:16:07.558763 - Poll 9: Status=ringing, TranscriptLen=0
2026-08-20T15:16:09.965165 - Poll 10: Status=busy, TranscriptLen=0
2026-08-21T07:50:35.231494 - Starting polling fallback for Execution 0fdc2344-e632-47ff-8af1-b8e73123a559 (Lead: call_1787298634200)
2026-08-21T07:50:37.624813 - Poll 0: Status=initiated, TranscriptLen=0
2026-08-21T07:50:40.027488 - Poll 1: Status=ringing, TranscriptLen=0
2026-08-21T07:50:42.518868 - Poll 2: Status=ringing, TranscriptLen=0
2026-08-21T07:50:44.980506 - Poll 3: Status=ringing, TranscriptLen=0
2026-08-21T07:50:47.461464 - Poll 4: Status=ringing, TranscriptLen=0
2026-08-21T07:50:49.879890 - Poll 5: Status=ringing, TranscriptLen=0
2026-08-21T07:51:14.997938 - Poll 6: Status=busy, TranscriptLen=0
2026-08-21T07:54:43.241579 - Starting polling fallback for Execution beaf4c8e-22b1-441c-9191-29007330cd5d (Lead: call_1787298882245)
2026-08-21T07:54:45.606214 - Poll 0: Status=ringing, TranscriptLen=0
2026-08-21T07:54:48.020050 - Poll 1: Status=ringing, TranscriptLen=0
2026-08-21T07:54:50.491470 - Poll 2: Status=busy, TranscriptLen=0
2026-08-21T08:29:28.975346 - Starting polling fallback for Execution 534a2d2f-1a21-4de2-a2d5-7da7cdb92444 (Lead: bulk_1787300950103_0)
2026-08-21T08:29:29.887830 - Starting polling fallback for Execution eebf8693-86c2-409d-a41f-fbcb3b678a7e (Lead: bulk_1787300969483_1)
2026-08-21T08:29:30.781671 - Starting polling fallback for Execution cce6f99b-de38-4d89-af12-750d1d66b673 (Lead: bulk_1787300970384_2)
2026-08-21T08:29:31.347779 - Poll 0: Status=initiated, TranscriptLen=0
2026-08-21T08:29:31.681753 - Starting polling fallback for Execution a172ac85-d4ae-4574-8c2d-9370be771256 (Lead: bulk_1787300971292_3)
2026-08-21T08:29:32.227752 - Poll 0: Status=initiated, TranscriptLen=0
2026-08-21T08:29:32.632493 - Starting polling fallback for Execution 402f03a1-f648-4f69-b00f-bbd9399f1866 (Lead: bulk_1787300972206_4)
2026-08-21T08:29:33.190630 - Poll 0: Status=ringing, TranscriptLen=0
2026-08-21T08:29:33.561234 - Starting polling fallback for Execution d29d475b-1635-42d8-a067-e5dd10a16bce (Lead: bulk_1787300973142_5)
2026-08-21T08:29:34.027571 - Poll 0: Status=initiated, TranscriptLen=0
2026-08-21T08:29:34.187437 - Poll 1: Status=ringing, TranscriptLen=0
2026-08-21T08:29:34.433114 - Starting polling fallback for Execution 00314935-253d-47fb-b64e-0581fa1a0a81 (Lead: bulk_1787300974057_6)
2026-08-21T08:29:34.668429 - Poll 1: Status=ringing, TranscriptLen=0
2026-08-21T08:29:34.994293 - Poll 0: Status=initiated, TranscriptLen=0
2026-08-21T08:29:35.318401 - Starting polling fallback for Execution fb1b4574-2398-4828-a198-734a05d0fd5d (Lead: bulk_1787300974922_7)
2026-08-21T08:29:35.619734 - Poll 1: Status=ringing, TranscriptLen=0
2026-08-21T08:29:35.919244 - Poll 0: Status=initiated, TranscriptLen=0
2026-08-21T08:29:36.216085 - Starting polling fallback for Execution c82eefc3-fdd7-4f34-ad80-3d7c3d3d0b33 (Lead: bulk_1787300975793_8)
2026-08-21T08:29:36.454116 - Poll 1: Status=initiated, TranscriptLen=0
2026-08-21T08:29:36.577862 - Poll 2: Status=ringing, TranscriptLen=0
2026-08-21T08:29:36.723961 - Poll 0: Status=ringing, TranscriptLen=0
2026-08-21T08:29:37.112519 - Poll 2: Status=ringing, TranscriptLen=0
2026-08-21T08:29:37.115690 - Starting polling fallback for Execution a7da3fc9-d61f-44e9-a370-9e30a35fa33b (Lead: bulk_1787300976721_9)
2026-08-21T08:29:37.377745 - Poll 1: Status=ringing, TranscriptLen=0
2026-08-21T08:29:37.657358 - Poll 0: Status=initiated, TranscriptLen=0
2026-08-21T08:29:38.002688 - Starting polling fallback for Execution a87297f7-a0c8-4965-b42a-b7e351ab8e92 (Lead: bulk_1787300977618_10)
2026-08-21T08:29:38.024480 - Poll 2: Status=ringing, TranscriptLen=0
2026-08-21T08:29:38.373735 - Poll 1: Status=ringing, TranscriptLen=0
2026-08-21T08:29:38.573334 - Poll 0: Status=ringing, TranscriptLen=0
2026-08-21T08:29:38.853998 - Poll 2: Status=initiated, TranscriptLen=0
2026-08-21T08:29:38.894394 - Starting polling fallback for Execution aec16af6-ed6f-499a-b774-86efab9613a0 (Lead: bulk_1787300978502_11)
2026-08-21T08:29:38.971675 - Poll 3: Status=ringing, TranscriptLen=0
2026-08-21T08:29:39.175652 - Poll 1: Status=ringing, TranscriptLen=0
2026-08-21T08:29:39.441669 - Poll 0: Status=initiated, TranscriptLen=0
2026-08-21T08:29:39.494563 - Poll 3: Status=ringing, TranscriptLen=0
2026-08-21T08:29:39.784629 - Starting polling fallback for Execution 6f50f6a9-9a0d-4f55-855e-d261c0ed4619 (Lead: bulk_1787300979410_12)
2026-08-21T08:29:39.794052 - Poll 2: Status=ringing, TranscriptLen=0
2026-08-21T08:29:40.076548 - Poll 1: Status=ringing, TranscriptLen=0
2026-08-21T08:29:40.321805 - Poll 0: Status=queued, TranscriptLen=0
2026-08-21T08:29:40.394071 - Poll 3: Status=ringing, TranscriptLen=0
2026-08-21T08:29:40.699682 - Starting polling fallback for Execution 9fdb9396-dcdd-4526-b4b7-152ef2ef7855 (Lead: bulk_1787300980287_13)
2026-08-21T08:29:40.746984 - Poll 2: Status=ringing, TranscriptLen=0
2026-08-21T08:29:40.987596 - Poll 1: Status=ringing, TranscriptLen=0
2026-08-21T08:29:41.213792 - Poll 0: Status=queued, TranscriptLen=0
2026-08-21T08:29:41.235821 - Poll 3: Status=initiated, TranscriptLen=0
2026-08-21T08:29:41.374319 - Poll 4: Status=ringing, TranscriptLen=0
2026-08-21T08:29:41.553981 - Poll 2: Status=ringing, TranscriptLen=0
2026-08-21T08:29:41.631071 - Starting polling fallback for Execution 4a36f9c4-9ff9-47d4-af45-5b848e119da5 (Lead: bulk_1787300981213_14)
2026-08-21T08:29:41.837481 - Poll 1: Status=ringing, TranscriptLen=0
2026-08-21T08:29:41.957719 - Poll 4: Status=ringing, TranscriptLen=0
2026-08-21T08:29:42.133564 - Poll 0: Status=queued, TranscriptLen=0
2026-08-21T08:29:42.194410 - Poll 3: Status=ringing, TranscriptLen=0
2026-08-21T08:29:42.468445 - Poll 2: Status=ringing, TranscriptLen=0
2026-08-21T08:29:42.508423 - Starting polling fallback for Execution f9b02054-07a7-49a0-8a4a-bfd6876bfa70 (Lead: bulk_1787300982134_15)
2026-08-21T08:29:42.672601 - Poll 1: Status=queued, TranscriptLen=0
2026-08-21T08:29:42.774476 - Poll 4: Status=ringing, TranscriptLen=0
2026-08-21T08:29:43.029821 - Poll 0: Status=queued, TranscriptLen=0
2026-08-21T08:29:43.163150 - Poll 3: Status=ringing, TranscriptLen=0
2026-08-21T08:29:43.378221 - Starting polling fallback for Execution f263d5a4-2fcf-43ee-b7c8-54f39dfd369b (Lead: bulk_1787300982993_16)
2026-08-21T08:29:43.388229 - Poll 2: Status=ringing, TranscriptLen=0
2026-08-21T08:29:43.616564 - Poll 1: Status=queued, TranscriptLen=0
2026-08-21T08:29:43.763647 - Poll 5: Status=in-progress, TranscriptLen=0
2026-08-21T08:29:43.932957 - Poll 0: Status=queued, TranscriptLen=0
2026-08-21T08:29:43.956910 - Poll 3: Status=ringing, TranscriptLen=0
2026-08-21T08:29:43.992853 - Poll 4: Status=initiated, TranscriptLen=0
2026-08-21T08:29:44.227028 - Poll 2: Status=ringing, TranscriptLen=0
2026-08-21T08:29:44.351871 - Poll 5: Status=ringing, TranscriptLen=0
2026-08-21T08:29:44.553097 - Poll 1: Status=queued, TranscriptLen=0
2026-08-21T08:29:44.607505 - Poll 4: Status=ringing, TranscriptLen=0
2026-08-21T08:29:44.845405 - Poll 0: Status=queued, TranscriptLen=0
2026-08-21T08:29:44.859021 - Poll 3: Status=ringing, TranscriptLen=0
2026-08-21T08:29:45.089772 - Poll 2: Status=queued, TranscriptLen=0
2026-08-21T08:29:45.213411 - Poll 5: Status=ringing, TranscriptLen=0
2026-08-21T08:29:45.414024 - Poll 1: Status=queued, TranscriptLen=0
2026-08-21T08:29:45.562070 - Poll 4: Status=ringing, TranscriptLen=0
2026-08-21T08:29:45.681735 - Poll 0: Status=queued, TranscriptLen=0
2026-08-21T08:29:45.780846 - Poll 3: Status=ringing, TranscriptLen=0
2026-08-21T08:29:45.999725 - Poll 2: Status=queued, TranscriptLen=0
2026-08-21T08:29:46.127962 - Poll 6: Status=in-progress, TranscriptLen=0
2026-08-21T08:29:46.327320 - Poll 1: Status=queued, TranscriptLen=0
2026-08-21T08:29:46.339553 - Poll 5: Status=initiated, TranscriptLen=0
2026-08-21T08:29:46.401113 - Poll 4: Status=ringing, TranscriptLen=0
2026-08-21T08:29:46.657198 - Poll 3: Status=ringing, TranscriptLen=0
2026-08-21T08:29:46.735248 - Poll 6: Status=ringing, TranscriptLen=0
2026-08-21T08:29:46.927235 - Poll 2: Status=queued, TranscriptLen=0
2026-08-21T08:29:46.999896 - Poll 5: Status=ringing, TranscriptLen=0
2026-08-21T08:29:47.273951 - Poll 4: Status=in-progress, TranscriptLen=0
2026-08-21T08:29:47.337722 - Poll 1: Status=queued, TranscriptLen=0
2026-08-21T08:29:47.513398 - Poll 3: Status=queued, TranscriptLen=0
2026-08-21T08:29:47.602302 - Poll 6: Status=ringing, TranscriptLen=0
2026-08-21T08:29:47.809182 - Poll 2: Status=queued, TranscriptLen=0
2026-08-21T08:29:47.936987 - Poll 5: Status=ringing, TranscriptLen=0
2026-08-21T08:29:48.070211 - Poll 1: Status=queued, TranscriptLen=0
2026-08-21T08:29:48.211409 - Poll 4: Status=ringing, TranscriptLen=0
2026-08-21T08:29:48.402661 - Poll 3: Status=queued, TranscriptLen=0
2026-08-21T08:29:48.528517 - Poll 7: Status=in-progress, TranscriptLen=0
2026-08-21T08:29:48.717959 - Poll 6: Status=initiated, TranscriptLen=0
2026-08-21T08:29:48.725722 - Poll 2: Status=queued, TranscriptLen=0
2026-08-21T08:29:48.804455 - Poll 5: Status=ringing, TranscriptLen=0
2026-08-21T08:29:49.039558 - Poll 4: Status=ringing, TranscriptLen=0
2026-08-21T08:29:49.111198 - Poll 7: Status=ringing, TranscriptLen=0
2026-08-21T08:29:49.324239 - Poll 3: Status=queued, TranscriptLen=0
2026-08-21T08:29:49.474913 - Poll 6: Status=ringing, TranscriptLen=0
2026-08-21T08:29:49.634119 - Poll 5: Status=in-progress, TranscriptLen=0
2026-08-21T08:29:49.722507 - Poll 2: Status=queued, TranscriptLen=0
2026-08-21T08:29:49.926092 - Poll 4: Status=queued, TranscriptLen=0
2026-08-21T08:29:49.994414 - Poll 7: Status=ringing, TranscriptLen=0
2026-08-21T08:29:50.183239 - Poll 3: Status=queued, TranscriptLen=0
2026-08-21T08:29:50.484279 - Poll 2: Status=queued, TranscriptLen=0
2026-08-21T08:29:50.624193 - Poll 5: Status=ringing, TranscriptLen=0
2026-08-21T08:29:50.638693 - Poll 6: Status=ringing, TranscriptLen=0
2026-08-21T08:29:50.790846 - Poll 4: Status=queued, TranscriptLen=0
2026-08-21T08:29:50.918572 - Poll 8: Status=in-progress, TranscriptLen=0
2026-08-21T08:29:51.108832 - Poll 7: Status=initiated, TranscriptLen=0
2026-08-21T08:29:51.167218 - Poll 3: Status=queued, TranscriptLen=0
2026-08-21T08:29:51.243231 - Poll 6: Status=ringing, TranscriptLen=0
2026-08-21T08:29:51.454844 - Poll 5: Status=ringing, TranscriptLen=0
2026-08-21T08:29:51.508989 - Poll 8: Status=ringing, TranscriptLen=0
2026-08-21T08:29:51.709453 - Poll 4: Status=queued, TranscriptLen=0
2026-08-21T08:29:51.861399 - Poll 7: Status=ringing, TranscriptLen=0
2026-08-21T08:29:51.992731 - Poll 6: Status=in-progress, TranscriptLen=0
2026-08-21T08:29:52.101514 - Poll 3: Status=queued, TranscriptLen=0
2026-08-21T08:29:52.314541 - Poll 5: Status=queued, TranscriptLen=0
2026-08-21T08:29:52.384772 - Poll 8: Status=ringing, TranscriptLen=0
2026-08-21T08:29:52.601399 - Poll 4: Status=queued, TranscriptLen=0
2026-08-21T08:29:52.876052 - Poll 3: Status=queued, TranscriptLen=0
2026-08-21T08:29:53.019878 - Poll 6: Status=ringing, TranscriptLen=0
2026-08-21T08:29:53.058812 - Poll 7: Status=ringing, TranscriptLen=0
2026-08-21T08:29:53.249118 - Poll 5: Status=queued, TranscriptLen=0
2026-08-21T08:29:53.312719 - Poll 9: Status=in-progress, TranscriptLen=0
2026-08-21T08:29:53.518543 - Poll 8: Status=initiated, TranscriptLen=0
2026-08-21T08:29:53.602935 - Poll 4: Status=queued, TranscriptLen=0
2026-08-21T08:29:53.652254 - Poll 7: Status=ringing, TranscriptLen=0
2026-08-21T08:29:53.857770 - Poll 6: Status=ringing, TranscriptLen=0
2026-08-21T08:29:53.907117 - Poll 9: Status=ringing, TranscriptLen=0
2026-08-21T08:29:54.153071 - Poll 5: Status=queued, TranscriptLen=0
2026-08-21T08:29:54.241713 - Poll 8: Status=ringing, TranscriptLen=0
2026-08-21T08:29:54.416412 - Poll 7: Status=in-progress, TranscriptLen=0
2026-08-21T08:29:54.494792 - Poll 4: Status=queued, TranscriptLen=0
2026-08-21T08:29:54.711615 - Poll 6: Status=queued, TranscriptLen=0
2026-08-21T08:29:54.830018 - Poll 9: Status=in-progress, TranscriptLen=0
2026-08-21T08:29:55.025139 - Poll 5: Status=queued, TranscriptLen=0
2026-08-21T08:29:55.314224 - Poll 4: Status=queued, TranscriptLen=0
2026-08-21T08:29:55.441807 - Poll 7: Status=ringing, TranscriptLen=0
2026-08-21T08:29:55.503668 - Poll 8: Status=ringing, TranscriptLen=0
2026-08-21T08:29:55.677954 - Poll 6: Status=queued, TranscriptLen=0
2026-08-21T08:29:55.752435 - Poll 10: Status=in-progress, TranscriptLen=0
2026-08-21T08:29:55.935096 - Poll 9: Status=initiated, TranscriptLen=0
2026-08-21T08:29:56.017744 - Poll 5: Status=queued, TranscriptLen=0
2026-08-21T08:29:56.028853 - Poll 8: Status=ringing, TranscriptLen=0
2026-08-21T08:29:56.259703 - Poll 7: Status=ringing, TranscriptLen=0
2026-08-21T08:29:56.303857 - Poll 10: Status=ringing, TranscriptLen=0
2026-08-21T08:29:56.569234 - Poll 6: Status=queued, TranscriptLen=0
2026-08-21T08:29:56.607893 - Poll 9: Status=ringing, TranscriptLen=0
2026-08-21T08:29:56.844099 - Poll 8: Status=in-progress, TranscriptLen=0
2026-08-21T08:29:56.894077 - Poll 5: Status=queued, TranscriptLen=0
2026-08-21T08:29:57.121286 - Poll 7: Status=queued, TranscriptLen=0
2026-08-21T08:29:57.247027 - Poll 10: Status=in-progress, TranscriptLen=0
2026-08-21T08:29:57.477261 - Poll 6: Status=queued, TranscriptLen=0
2026-08-21T08:29:57.762444 - Poll 5: Status=queued, TranscriptLen=0
2026-08-21T08:29:57.818146 - Poll 8: Status=ringing, TranscriptLen=0
2026-08-21T08:29:57.876052 - Poll 9: Status=ringing, TranscriptLen=0
2026-08-21T08:29:58.075465 - Poll 7: Status=queued, TranscriptLen=0
2026-08-21T08:29:58.224529 - Poll 11: Status=in-progress, TranscriptLen=0
2026-08-21T08:29:58.312550 - Poll 10: Status=initiated, TranscriptLen=0
2026-08-21T08:29:58.401005 - Poll 6: Status=queued, TranscriptLen=0
2026-08-21T08:29:58.432238 - Poll 9: Status=ringing, TranscriptLen=0
2026-08-21T08:29:58.679043 - Poll 11: Status=ringing, TranscriptLen=0
2026-08-21T08:29:58.682436 - Poll 8: Status=ringing, TranscriptLen=0
2026-08-21T08:29:58.970018 - Poll 7: Status=queued, TranscriptLen=0
2026-08-21T08:29:58.982484 - Poll 10: Status=ringing, TranscriptLen=0
2026-08-21T08:29:59.250498 - Poll 9: Status=in-progress, TranscriptLen=0
2026-08-21T08:29:59.273668 - Poll 6: Status=queued, TranscriptLen=0
2026-08-21T08:29:59.530005 - Poll 8: Status=queued, TranscriptLen=0
2026-08-21T08:29:59.649024 - Poll 11: Status=in-progress, TranscriptLen=0
2026-08-21T08:29:59.884279 - Poll 7: Status=queued, TranscriptLen=0
2026-08-21T08:30:00.167187 - Poll 6: Status=queued, TranscriptLen=0
2026-08-21T08:30:00.275281 - Poll 9: Status=ringing, TranscriptLen=0
2026-08-21T08:30:00.317984 - Poll 10: Status=ringing, TranscriptLen=0
2026-08-21T08:30:00.477415 - Poll 8: Status=queued, TranscriptLen=0
2026-08-21T08:30:00.624956 - Poll 12: Status=in-progress, TranscriptLen=0
2026-08-21T08:30:00.688303 - Poll 11: Status=initiated, TranscriptLen=0
2026-08-21T08:30:00.813438 - Poll 10: Status=busy, TranscriptLen=0
2026-08-21T08:30:00.816075 - Poll 7: Status=queued, TranscriptLen=0
2026-08-21T08:30:01.091068 - Poll 9: Status=ringing, TranscriptLen=0
2026-08-21T08:30:01.419233 - Poll 8: Status=queued, TranscriptLen=0
2026-08-21T08:30:01.421908 - Poll 11: Status=ringing, TranscriptLen=0
2026-08-21T08:30:01.806553 - Poll 7: Status=queued, TranscriptLen=0
2026-08-21T08:30:02.257501 - Poll 9: Status=initiated, TranscriptLen=0
2026-08-21T08:30:02.623853 - Poll 8: Status=queued, TranscriptLen=0
2026-08-21T08:30:02.850492 - Poll 12: Status=in-progress, TranscriptLen=0
2026-08-21T08:30:03.003700 - Poll 13: Status=in-progress, TranscriptLen=0
2026-08-21T08:30:03.041043 - Poll 10: Status=in-progress, TranscriptLen=0
2026-08-21T08:30:03.043043 - Poll 12: Status=ringing, TranscriptLen=0
2026-08-21T08:30:03.320552 - Poll 9: Status=queued, TranscriptLen=0
2026-08-21T08:30:03.342304 - Poll 7: Status=queued, TranscriptLen=0
2026-08-21T08:30:03.378200 - Poll 8: Status=queued, TranscriptLen=0
2026-08-21T08:30:03.406472 - Poll 11: Status=ringing, TranscriptLen=0
2026-08-21T08:30:03.436856 - Poll 12: Status=initiated, TranscriptLen=0
2026-08-21T08:30:03.616265 - Poll 10: Status=in-progress, TranscriptLen=0
2026-08-21T08:30:03.817363 - Poll 12: Status=ringing, TranscriptLen=0
2026-08-21T08:30:03.883749 - Poll 10: Status=ringing, TranscriptLen=0
2026-08-21T08:30:03.996246 - Poll 9: Status=queued, TranscriptLen=0
2026-08-21T08:30:04.186646 - Poll 8: Status=queued, TranscriptLen=0
2026-08-21T08:30:04.690562 - Poll 10: Status=ringing, TranscriptLen=0
2026-08-21T08:30:05.041669 - Poll 9: Status=queued, TranscriptLen=0
2026-08-21T08:30:05.252190 - Poll 13: Status=in-progress, TranscriptLen=0
2026-08-21T08:30:05.374336 - Poll 14: Status=in-progress, TranscriptLen=0
2026-08-21T08:30:05.422799 - Poll 13: Status=busy, TranscriptLen=0
2026-08-21T08:30:05.441311 - Poll 11: Status=in-progress, TranscriptLen=0
2026-08-21T08:30:05.731601 - Poll 10: Status=initiated, TranscriptLen=0
2026-08-21T08:30:05.747907 - Poll 9: Status=queued, TranscriptLen=0
2026-08-21T08:30:05.761484 - Poll 8: Status=queued, TranscriptLen=0
2026-08-21T08:30:05.778470 - Poll 12: Status=ringing, TranscriptLen=0
2026-08-21T08:30:05.805337 - Poll 13: Status=initiated, TranscriptLen=0
2026-08-21T08:30:06.001397 - Poll 11: Status=in-progress, TranscriptLen=0
2026-08-21T08:30:06.173227 - Poll 13: Status=ringing, TranscriptLen=0
2026-08-21T08:30:06.356204 - Poll 11: Status=ringing, TranscriptLen=0
2026-08-21T08:30:06.391417 - Poll 10: Status=queued, TranscriptLen=0
2026-08-21T08:30:06.587894 - Poll 9: Status=queued, TranscriptLen=0
2026-08-21T08:30:07.094470 - Poll 11: Status=ringing, TranscriptLen=0
2026-08-21T08:30:07.485603 - Poll 10: Status=queued, TranscriptLen=0
2026-08-21T08:30:07.647964 - Poll 14: Status=in-progress, TranscriptLen=0
2026-08-21T08:30:07.721399 - Poll 15: Status=in-progress, TranscriptLen=0
2026-08-21T08:30:07.841384 - Poll 12: Status=in-progress, TranscriptLen=0
2026-08-21T08:30:08.167143 - Poll 11: Status=ringing, TranscriptLen=0
2026-08-21T08:30:08.175917 - Poll 14: Status=initiated, TranscriptLen=0
2026-08-21T08:30:08.189297 - Poll 10: Status=queued, TranscriptLen=0
2026-08-21T08:30:08.191449 - Poll 9: Status=queued, TranscriptLen=0
2026-08-21T08:30:08.384704 - Poll 12: Status=in-progress, TranscriptLen=0
2026-08-21T08:30:08.561390 - Poll 14: Status=ringing, TranscriptLen=0
2026-08-21T08:30:08.581614 - Poll 13: Status=ringing, TranscriptLen=0
2026-08-21T08:30:08.785553 - Poll 12: Status=ringing, TranscriptLen=0
2026-08-21T08:30:08.801127 - Poll 11: Status=queued, TranscriptLen=0
2026-08-21T08:30:09.028494 - Poll 10: Status=queued, TranscriptLen=0
2026-08-21T08:30:09.507527 - Poll 12: Status=ringing, TranscriptLen=0
2026-08-21T08:30:09.917998 - Poll 11: Status=queued, TranscriptLen=0
2026-08-21T08:30:10.046073 - Poll 15: Status=in-progress, TranscriptLen=0
2026-08-21T08:30:10.090972 - Poll 16: Status=in-progress, TranscriptLen=0
2026-08-21T08:30:10.260916 - Poll 13: Status=call-disconnected, TranscriptLen=177
2026-08-21T08:30:10.589404 - Poll 10: Status=queued, TranscriptLen=0
2026-08-21T08:30:10.643090 - Poll 11: Status=queued, TranscriptLen=0
2026-08-21T08:30:10.648535 - Poll 12: Status=ringing, TranscriptLen=0
2026-08-21T08:30:10.651608 - Poll 15: Status=initiated, TranscriptLen=0
2026-08-21T08:30:10.760101 - Poll 13: Status=in-progress, TranscriptLen=0
2026-08-21T08:30:10.978015 - Poll 15: Status=ringing, TranscriptLen=0
2026-08-21T08:30:10.995808 - Poll 14: Status=ringing, TranscriptLen=0
2026-08-21T08:30:11.139714 - Poll 13: Status=ringing, TranscriptLen=0
2026-08-21T08:30:11.218460 - Poll 12: Status=initiated, TranscriptLen=0
2026-08-21T08:30:11.423185 - Poll 11: Status=queued, TranscriptLen=0
2026-08-21T08:30:11.903260 - Poll 13: Status=ringing, TranscriptLen=0
2026-08-21T08:30:12.405189 - Poll 12: Status=queued, TranscriptLen=0
2026-08-21T08:30:12.480466 - Poll 16: Status=in-progress, TranscriptLen=0
2026-08-21T08:30:12.524214 - Poll 17: Status=in-progress, TranscriptLen=0
2026-08-21T08:30:12.663647 - Poll 14: Status=call-disconnected, TranscriptLen=177
2026-08-21T08:30:13.057750 - Poll 12: Status=queued, TranscriptLen=0
2026-08-21T08:30:13.061484 - Poll 11: Status=queued, TranscriptLen=0
2026-08-21T08:30:13.064793 - Poll 13: Status=ringing, TranscriptLen=0
2026-08-21T08:30:13.087555 - Poll 16: Status=initiated, TranscriptLen=0
2026-08-21T08:30:13.210194 - Poll 14: Status=in-progress, TranscriptLen=32
2026-08-21T08:30:21.158590 - Poll 15: Status=ringing, TranscriptLen=0
2026-08-21T08:30:21.164138 - Poll 16: Status=ringing, TranscriptLen=0
2026-08-21T08:30:21.173562 - Poll 14: Status=ringing, TranscriptLen=0
2026-08-21T08:30:21.181836 - Poll 13: Status=ringing, TranscriptLen=0
2026-08-21T08:30:21.588189 - Poll 13: Status=ringing, TranscriptLen=0
2026-08-21T08:30:21.594667 - Poll 12: Status=queued, TranscriptLen=0
2026-08-21T08:30:21.599555 - Poll 17: Status=in-progress, TranscriptLen=0
2026-08-21T08:30:21.603117 - Poll 17: Status=failed, TranscriptLen=0
2026-08-21T08:30:21.606116 - Poll 12: Status=ringing, TranscriptLen=0
2026-08-21T08:30:21.609783 - Poll 15: Status=call-disconnected, TranscriptLen=32
2026-08-21T08:30:21.612895 - Poll 18: Status=in-progress, TranscriptLen=0
2026-08-21T08:30:21.616947 - Poll 15: Status=call-disconnected, TranscriptLen=177
2026-08-21T08:30:21.619945 - Poll 14: Status=busy, TranscriptLen=0
2026-08-21T08:30:21.622014 - Poll 14: Status=in-progress, TranscriptLen=0
2026-08-21T08:30:21.807776 - Poll 13: Status=ringing, TranscriptLen=0
2026-08-21T08:30:23.596054 - Poll 14: Status=in-progress, TranscriptLen=0
2026-08-21T08:30:23.612674 - Poll 17: Status=ringing, TranscriptLen=0
2026-08-21T08:30:23.620698 - Poll 15: Status=ringing, TranscriptLen=0
2026-08-21T08:30:23.625813 - Poll 16: Status=no-answer, TranscriptLen=0
2026-08-21T08:30:24.002043 - Poll 13: Status=ringing, TranscriptLen=0
2026-08-21T08:30:24.014398 - Poll 18: Status=in-progress, TranscriptLen=0
2026-08-21T08:30:24.037080 - Poll 14: Status=ringing, TranscriptLen=0
2026-08-21T08:30:24.068140 - Poll 16: Status=completed, TranscriptLen=177
2026-08-21T08:30:24.074078 - Poll 15: Status=in-progress, TranscriptLen=0
2026-08-21T08:30:24.083917 - Poll 19: Status=call-disconnected, TranscriptLen=480
2026-08-21T08:30:24.244516 - Poll 14: Status=ringing, TranscriptLen=0
2026-08-21T08:30:24.412500 - Poll 16: Status=call-disconnected, TranscriptLen=32
2026-08-21T08:30:24.438163 - Poll 13: Status=ringing, TranscriptLen=0
2026-08-21T08:30:26.003062 - Poll 16: Status=ringing, TranscriptLen=0
2026-08-21T08:30:26.007488 - Poll 18: Status=no-answer, TranscriptLen=0
2026-08-21T08:30:26.034928 - Poll 15: Status=in-progress, TranscriptLen=0
2026-08-21T08:30:26.458744 - Poll 15: Status=in-progress, TranscriptLen=0
2026-08-21T08:30:26.465176 - Poll 16: Status=in-progress, TranscriptLen=32
2026-08-21T08:30:26.476423 - Poll 19: Status=in-progress, TranscriptLen=0
2026-08-21T08:30:26.483938 - Poll 14: Status=ringing, TranscriptLen=0
2026-08-21T08:30:26.488426 - Poll 20: Status=call-disconnected, TranscriptLen=480
2026-08-21T08:30:26.651981 - Poll 15: Status=ringing, TranscriptLen=0
2026-08-21T08:30:26.826971 - Poll 17: Status=call-disconnected, TranscriptLen=32
2026-08-21T08:30:26.853680 - Poll 14: Status=ringing, TranscriptLen=0
2026-08-21T08:30:28.447837 - Poll 17: Status=no-answer, TranscriptLen=0
2026-08-21T08:30:28.469016 - Poll 16: Status=in-progress, TranscriptLen=0
2026-08-21T08:30:28.874798 - Poll 16: Status=in-progress, TranscriptLen=0
2026-08-21T08:30:28.883261 - Poll 17: Status=call-disconnected, TranscriptLen=32
2026-08-21T08:30:28.922571 - Poll 20: Status=call-disconnected, TranscriptLen=324
2026-08-21T08:30:28.933385 - Poll 15: Status=ringing, TranscriptLen=0
2026-08-21T08:30:28.946170 - Poll 21: Status=call-disconnected, TranscriptLen=480
2026-08-21T08:30:29.040968 - Poll 16: Status=in-progress, TranscriptLen=0
2026-08-21T08:30:29.211161 - Poll 18: Status=completed, TranscriptLen=32
2026-08-21T08:30:29.266768 - Poll 15: Status=ringing, TranscriptLen=0
2026-08-21T08:30:30.883291 - Poll 17: Status=call-disconnected, TranscriptLen=118
2026-08-21T08:30:31.294492 - Poll 18: Status=call-disconnected, TranscriptLen=32
2026-08-21T08:30:31.313982 - Poll 17: Status=in-progress, TranscriptLen=0
2026-08-21T08:30:31.334001 - Poll 21: Status=call-disconnected, TranscriptLen=324
2026-08-21T08:30:31.336618 - Poll 16: Status=ringing, TranscriptLen=0
2026-08-21T08:30:31.397310 - Poll 22: Status=call-disconnected, TranscriptLen=480
2026-08-21T08:30:31.477908 - Poll 17: Status=in-progress, TranscriptLen=0
2026-08-21T08:30:31.654681 - Poll 16: Status=ringing, TranscriptLen=0
2026-08-21T08:30:33.312003 - Poll 18: Status=call-disconnected, TranscriptLen=118
2026-08-21T08:30:33.686513 - Poll 18: Status=in-progress, TranscriptLen=0
2026-08-21T08:30:33.688726 - Poll 19: Status=completed, TranscriptLen=32
2026-08-21T08:30:33.697331 - Poll 22: Status=call-disconnected, TranscriptLen=324
2026-08-21T08:30:33.734788 - Poll 17: Status=ringing, TranscriptLen=0
2026-08-21T08:30:33.885023 - Poll 23: Status=call-disconnected, TranscriptLen=480
2026-08-21T08:30:33.926946 - Poll 18: Status=in-progress, TranscriptLen=0
2026-08-21T08:30:34.051645 - Poll 17: Status=ringing, TranscriptLen=0
2026-08-21T08:30:35.746170 - Poll 19: Status=completed, TranscriptLen=118
2026-08-21T08:30:36.133207 - Poll 19: Status=in-progress, TranscriptLen=0
2026-08-21T08:30:36.135925 - Poll 23: Status=call-disconnected, TranscriptLen=324
2026-08-21T08:30:36.172172 - Poll 18: Status=in-progress, TranscriptLen=0
2026-08-21T08:30:36.253961 - Poll 24: Status=call-disconnected, TranscriptLen=480
2026-08-21T08:30:36.323864 - Poll 19: Status=in-progress, TranscriptLen=0
2026-08-21T08:30:36.446728 - Poll 18: Status=ringing, TranscriptLen=0
2026-08-21T08:30:38.509178 - Poll 24: Status=call-disconnected, TranscriptLen=324
2026-08-21T08:30:38.619275 - Poll 19: Status=in-progress, TranscriptLen=0
2026-08-21T08:30:38.641953 - Poll 20: Status=in-progress, TranscriptLen=0
2026-08-21T08:30:38.782204 - Poll 20: Status=in-progress, TranscriptLen=0
2026-08-21T08:30:38.838530 - Poll 19: Status=ringing, TranscriptLen=0
2026-08-21T08:30:38.885418 - Poll 25: Status=completed, TranscriptLen=480
2026-08-21T08:30:40.934813 - Poll 25: Status=call-disconnected, TranscriptLen=324
2026-08-21T08:30:41.056767 - Poll 21: Status=in-progress, TranscriptLen=0
2026-08-21T08:30:41.058924 - Poll 20: Status=in-progress, TranscriptLen=0
2026-08-21T08:30:41.222221 - Poll 20: Status=ringing, TranscriptLen=0
2026-08-21T08:30:41.258605 - Poll 21: Status=in-progress, TranscriptLen=0
2026-08-21T08:30:43.336833 - Poll 26: Status=call-disconnected, TranscriptLen=324
2026-08-21T08:30:43.440528 - Poll 22: Status=in-progress, TranscriptLen=0
2026-08-21T08:30:43.455706 - Poll 21: Status=in-progress, TranscriptLen=0
2026-08-21T08:30:43.654467 - Poll 22: Status=in-progress, TranscriptLen=0
2026-08-21T08:30:43.662798 - Poll 21: Status=ringing, TranscriptLen=0
2026-08-21T08:30:45.785410 - Poll 27: Status=completed, TranscriptLen=324
2026-08-21T08:30:45.827202 - Poll 23: Status=in-progress, TranscriptLen=0
2026-08-21T08:30:45.878665 - Poll 22: Status=in-progress, TranscriptLen=0
2026-08-21T08:30:46.024260 - Poll 23: Status=in-progress, TranscriptLen=0
2026-08-21T08:30:46.038603 - Poll 22: Status=busy, TranscriptLen=0
2026-08-21T08:30:48.288082 - Poll 24: Status=in-progress, TranscriptLen=0
2026-08-21T08:30:48.294302 - Poll 23: Status=in-progress, TranscriptLen=0
2026-08-21T08:30:48.708252 - Poll 24: Status=in-progress, TranscriptLen=0
2026-08-21T08:30:50.709295 - Poll 25: Status=in-progress, TranscriptLen=0
2026-08-21T08:30:50.714776 - Poll 24: Status=in-progress, TranscriptLen=0
2026-08-21T08:30:51.137372 - Poll 25: Status=in-progress, TranscriptLen=0
2026-08-21T08:30:53.098204 - Poll 26: Status=in-progress, TranscriptLen=0
2026-08-21T08:30:53.173019 - Poll 25: Status=in-progress, TranscriptLen=0
2026-08-21T08:30:53.518980 - Poll 26: Status=in-progress, TranscriptLen=0
2026-08-21T08:30:55.484611 - Poll 27: Status=in-progress, TranscriptLen=372
2026-08-21T08:30:55.570264 - Poll 26: Status=in-progress, TranscriptLen=0
2026-08-21T08:30:55.920081 - Poll 27: Status=in-progress, TranscriptLen=0
2026-08-21T08:30:57.856287 - Poll 28: Status=call-disconnected, TranscriptLen=372
2026-08-21T08:30:57.980118 - Poll 27: Status=in-progress, TranscriptLen=0
2026-08-21T08:30:58.398155 - Poll 28: Status=in-progress, TranscriptLen=0
2026-08-21T08:31:00.252584 - Poll 29: Status=call-disconnected, TranscriptLen=372
2026-08-21T08:31:00.747435 - Poll 29: Status=in-progress, TranscriptLen=0
2026-08-21T08:31:01.177266 - Poll 28: Status=in-progress, TranscriptLen=0
2026-08-21T08:31:02.686133 - Poll 30: Status=completed, TranscriptLen=372
2026-08-21T08:31:03.191786 - Poll 30: Status=in-progress, TranscriptLen=0
2026-08-21T08:31:03.579077 - Poll 29: Status=in-progress, TranscriptLen=0
2026-08-21T08:31:05.585595 - Poll 31: Status=in-progress, TranscriptLen=0
2026-08-21T08:31:05.991453 - Poll 30: Status=in-progress, TranscriptLen=0
2026-08-21T08:31:07.990985 - Poll 32: Status=in-progress, TranscriptLen=0
2026-08-21T08:31:09.055275 - Poll 31: Status=in-progress, TranscriptLen=0
2026-08-21T08:31:10.378557 - Poll 33: Status=in-progress, TranscriptLen=0
2026-08-21T08:31:11.448308 - Poll 32: Status=in-progress, TranscriptLen=0
2026-08-21T08:31:12.711147 - Poll 34: Status=in-progress, TranscriptLen=0
2026-08-21T08:31:13.886267 - Poll 33: Status=call-disconnected, TranscriptLen=400
2026-08-21T08:31:15.144235 - Poll 35: Status=in-progress, TranscriptLen=0
2026-08-21T08:31:16.321309 - Poll 34: Status=call-disconnected, TranscriptLen=400
2026-08-21T08:31:17.555635 - Poll 36: Status=in-progress, TranscriptLen=0
2026-08-21T08:31:18.791258 - Poll 35: Status=call-disconnected, TranscriptLen=400
2026-08-21T08:31:19.964369 - Poll 37: Status=in-progress, TranscriptLen=0
2026-08-21T08:31:21.165819 - Poll 36: Status=completed, TranscriptLen=400
2026-08-21T08:31:22.331087 - Poll 38: Status=in-progress, TranscriptLen=0
2026-08-21T08:31:24.788074 - Poll 39: Status=in-progress, TranscriptLen=0
2026-08-21T08:31:27.198952 - Poll 40: Status=in-progress, TranscriptLen=0
2026-08-21T08:31:29.698034 - Poll 41: Status=in-progress, TranscriptLen=564
2026-08-21T08:31:32.087743 - Poll 42: Status=call-disconnected, TranscriptLen=564
2026-08-21T08:31:34.524897 - Poll 43: Status=call-disconnected, TranscriptLen=564
2026-08-21T08:31:36.917038 - Poll 44: Status=call-disconnected, TranscriptLen=564
2026-08-21T08:31:39.436628 - Poll 45: Status=completed, TranscriptLen=564
2026-08-21T08:40:29.794888 - Starting polling fallback for Execution 99a33cae-55cb-4f7f-8ee0-ec75753bec14 (Lead: bulk_1787301629327_0)
2026-08-21T08:40:30.677988 - Starting polling fallback for Execution 913cc7ba-b3ff-4edb-84e5-262b8bd1e86a (Lead: bulk_1787301630304_1)
2026-08-21T08:40:33.042025 - Poll 0: Status=ringing, TranscriptLen=0
2026-08-21T08:40:33.189644 - Poll 0: Status=ringing, TranscriptLen=0
2026-08-21T08:40:35.631295 - Poll 1: Status=ringing, TranscriptLen=0
2026-08-21T08:40:35.711908 - Poll 1: Status=ringing, TranscriptLen=0
2026-08-21T08:40:38.077544 - Poll 2: Status=ringing, TranscriptLen=0
2026-08-21T08:40:38.189797 - Poll 2: Status=ringing, TranscriptLen=0
2026-08-21T08:40:40.634894 - Poll 3: Status=in-progress, TranscriptLen=0
2026-08-21T08:40:40.687625 - Poll 3: Status=in-progress, TranscriptLen=0
2026-08-21T08:40:43.067519 - Poll 4: Status=in-progress, TranscriptLen=0
2026-08-21T08:40:43.167891 - Poll 4: Status=in-progress, TranscriptLen=0
2026-08-21T08:40:45.574690 - Poll 5: Status=in-progress, TranscriptLen=0
2026-08-21T08:40:45.629891 - Poll 5: Status=in-progress, TranscriptLen=0
2026-08-21T08:40:48.022637 - Poll 6: Status=in-progress, TranscriptLen=0
2026-08-21T08:40:48.145338 - Poll 6: Status=in-progress, TranscriptLen=0
2026-08-21T08:40:50.590941 - Poll 7: Status=in-progress, TranscriptLen=0
2026-08-21T08:40:50.614837 - Poll 7: Status=in-progress, TranscriptLen=141
2026-08-21T08:40:53.349496 - Poll 8: Status=in-progress, TranscriptLen=0
2026-08-21T08:40:53.373245 - Poll 8: Status=call-disconnected, TranscriptLen=141
2026-08-21T08:40:55.846160 - Poll 9: Status=call-disconnected, TranscriptLen=141
2026-08-21T08:40:55.921040 - Poll 9: Status=in-progress, TranscriptLen=0
2026-08-21T08:40:58.389786 - Poll 10: Status=call-disconnected, TranscriptLen=141
2026-08-21T08:40:58.421702 - Poll 10: Status=in-progress, TranscriptLen=0
2026-08-21T08:41:00.871572 - Poll 11: Status=call-disconnected, TranscriptLen=141
2026-08-21T08:41:00.917801 - Poll 11: Status=in-progress, TranscriptLen=0
2026-08-21T08:41:03.272392 - Poll 12: Status=call-disconnected, TranscriptLen=141
2026-08-21T08:41:03.402005 - Poll 12: Status=in-progress, TranscriptLen=0
2026-08-21T08:41:05.691488 - Poll 13: Status=call-disconnected, TranscriptLen=141
2026-08-21T08:41:05.820841 - Poll 13: Status=in-progress, TranscriptLen=0
2026-08-21T08:41:08.142447 - Poll 14: Status=completed, TranscriptLen=141
2026-08-21T08:41:08.222872 - Poll 14: Status=in-progress, TranscriptLen=0
2026-08-21T08:41:10.676225 - Poll 15: Status=in-progress, TranscriptLen=0
2026-08-21T08:41:13.063140 - Poll 16: Status=in-progress, TranscriptLen=0
2026-08-21T08:41:15.490576 - Poll 17: Status=in-progress, TranscriptLen=0
2026-08-21T08:41:17.875153 - Poll 18: Status=in-progress, TranscriptLen=0
2026-08-21T08:41:20.326649 - Poll 19: Status=in-progress, TranscriptLen=0
2026-08-21T08:41:22.712530 - Poll 20: Status=in-progress, TranscriptLen=0
2026-08-21T08:41:25.183290 - Poll 21: Status=in-progress, TranscriptLen=0
2026-08-21T08:41:27.566273 - Poll 22: Status=in-progress, TranscriptLen=0
2026-08-21T08:41:29.971600 - Poll 23: Status=in-progress, TranscriptLen=0
2026-08-21T08:41:32.411158 - Poll 24: Status=in-progress, TranscriptLen=0
2026-08-21T08:41:34.905188 - Poll 25: Status=in-progress, TranscriptLen=0
2026-08-21T08:41:37.322428 - Poll 26: Status=in-progress, TranscriptLen=0
2026-08-21T08:41:39.727425 - Poll 27: Status=in-progress, TranscriptLen=0
2026-08-21T08:41:42.153288 - Poll 28: Status=in-progress, TranscriptLen=0
2026-08-21T08:41:44.867759 - Poll 29: Status=in-progress, TranscriptLen=0
2026-08-21T08:41:47.375400 - Poll 30: Status=in-progress, TranscriptLen=0
2026-08-21T08:41:49.731195 - Poll 31: Status=in-progress, TranscriptLen=0
2026-08-21T08:41:52.149137 - Poll 32: Status=in-progress, TranscriptLen=0
2026-08-21T08:41:54.533637 - Poll 33: Status=in-progress, TranscriptLen=0
2026-08-21T08:41:56.948409 - Poll 34: Status=in-progress, TranscriptLen=0
2026-08-21T08:41:59.370488 - Poll 35: Status=in-progress, TranscriptLen=0
2026-08-21T08:42:02.226553 - Poll 36: Status=in-progress, TranscriptLen=0
2026-08-21T08:42:04.684130 - Poll 37: Status=in-progress, TranscriptLen=0
2026-08-21T08:42:07.082209 - Poll 38: Status=in-progress, TranscriptLen=0
2026-08-21T08:42:09.504226 - Poll 39: Status=in-progress, TranscriptLen=0
2026-08-21T08:42:11.945227 - Poll 40: Status=in-progress, TranscriptLen=0
2026-08-21T08:42:14.408574 - Poll 41: Status=in-progress, TranscriptLen=0
2026-08-21T08:42:16.866950 - Poll 42: Status=in-progress, TranscriptLen=0
2026-08-21T08:42:19.279214 - Poll 43: Status=in-progress, TranscriptLen=0
2026-08-21T08:42:21.735896 - Poll 44: Status=in-progress, TranscriptLen=0
2026-08-21T08:42:24.081880 - Poll 45: Status=in-progress, TranscriptLen=0
2026-08-21T08:44:16.930992 - Starting polling fallback for Execution dfd06d8a-575e-49b4-bb66-af772f018b1f (Lead: call_1787301855520)
2026-08-21T08:44:28.643532 - Poll 0: Status=ringing, TranscriptLen=0
2026-08-21T08:44:31.259646 - Poll 1: Status=in-progress, TranscriptLen=0
2026-08-21T08:44:39.577593 - Poll 2: Status=call-disconnected, TranscriptLen=141
2026-08-21T08:44:42.109200 - Poll 3: Status=call-disconnected, TranscriptLen=141
2026-08-21T08:45:00.724722 - Polling error for call_1787301855520: HTTPSConnectionPool(host='api.bolna.ai', port=443): Read timed out. (read timeout=15)
2026-08-21T08:45:09.941545 - Poll 5: Status=completed, TranscriptLen=141
2026-08-21T08:49:47.614657 - Starting polling fallback for Execution 6416026b-76ef-478b-b941-31df0889b90c (Lead: call_1787302186591)
2026-08-21T08:49:49.994767 - Poll 0: Status=ringing, TranscriptLen=0
2026-08-21T08:49:52.706183 - Poll 1: Status=ringing, TranscriptLen=0
2026-08-21T08:49:55.233425 - Poll 2: Status=in-progress, TranscriptLen=0
2026-08-21T08:50:01.688365 - Poll 3: Status=in-progress, TranscriptLen=0
2026-08-21T08:50:04.178151 - Poll 4: Status=in-progress, TranscriptLen=0
2026-08-21T08:50:08.077045 - Poll 5: Status=call-disconnected, TranscriptLen=140
2026-08-21T08:50:10.627620 - Poll 6: Status=call-disconnected, TranscriptLen=140
2026-08-21T08:50:17.521257 - Poll 7: Status=call-disconnected, TranscriptLen=140
2026-08-21T08:50:19.930648 - Poll 8: Status=call-disconnected, TranscriptLen=140
2026-08-21T08:50:22.373003 - Poll 9: Status=completed, TranscriptLen=140
2026-08-21T08:51:43.749027 - Starting polling fallback for Execution 78021f74-e62d-4eed-90ee-c77146e2b33a (Lead: call_1787302302852)
2026-08-21T08:51:46.150176 - Poll 0: Status=ringing, TranscriptLen=0
2026-08-21T08:51:48.948148 - Poll 1: Status=ringing, TranscriptLen=0
2026-08-21T08:51:51.513735 - Poll 2: Status=in-progress, TranscriptLen=0
2026-08-21T08:51:54.060092 - Poll 3: Status=in-progress, TranscriptLen=0
2026-08-21T08:51:56.588545 - Poll 4: Status=in-progress, TranscriptLen=0
2026-08-21T08:52:01.949216 - Poll 5: Status=in-progress, TranscriptLen=0
2026-08-21T08:52:04.456704 - Poll 6: Status=in-progress, TranscriptLen=0
2026-08-21T08:52:06.991775 - Poll 7: Status=in-progress, TranscriptLen=0
2026-08-21T08:52:38.589162 - Poll 8: Status=completed, TranscriptLen=257
2026-08-21T08:53:17.183999 - Starting polling fallback for Execution 17b985e5-c940-4291-a31b-b5c1a3aef040 (Lead: call_1787302396138)
2026-08-21T08:53:19.569069 - Poll 0: Status=ringing, TranscriptLen=0
2026-08-21T08:53:22.160655 - Poll 1: Status=ringing, TranscriptLen=0
2026-08-21T08:53:25.295476 - Poll 2: Status=in-progress, TranscriptLen=0
2026-08-21T08:53:27.770670 - Poll 3: Status=in-progress, TranscriptLen=0
2026-08-21T08:53:30.288477 - Poll 4: Status=in-progress, TranscriptLen=0
2026-08-21T08:53:32.795100 - Poll 5: Status=in-progress, TranscriptLen=0
2026-08-21T08:53:35.351335 - Poll 6: Status=in-progress, TranscriptLen=0
2026-08-21T08:53:37.859507 - Poll 7: Status=in-progress, TranscriptLen=0
2026-08-21T08:53:40.396589 - Poll 8: Status=in-progress, TranscriptLen=0
2026-08-21T08:53:42.901232 - Poll 9: Status=in-progress, TranscriptLen=0
2026-08-21T08:53:45.488326 - Poll 10: Status=in-progress, TranscriptLen=0
2026-08-21T08:53:56.934246 - Poll 11: Status=in-progress, TranscriptLen=0
2026-08-21T08:53:59.416975 - Poll 12: Status=in-progress, TranscriptLen=0
2026-08-21T08:54:02.200109 - Poll 13: Status=in-progress, TranscriptLen=0
2026-08-21T08:54:04.666318 - Poll 14: Status=in-progress, TranscriptLen=0
2026-08-21T08:54:07.184960 - Poll 15: Status=in-progress, TranscriptLen=0
2026-08-21T08:54:09.651475 - Poll 16: Status=in-progress, TranscriptLen=0
2026-08-21T08:54:12.223878 - Poll 17: Status=in-progress, TranscriptLen=0
2026-08-21T08:54:14.700913 - Poll 18: Status=in-progress, TranscriptLen=0
2026-08-21T08:54:17.249438 - Poll 19: Status=in-progress, TranscriptLen=0
2026-08-21T08:54:19.725649 - Poll 20: Status=in-progress, TranscriptLen=0
2026-08-21T08:54:22.274682 - Poll 21: Status=in-progress, TranscriptLen=0
2026-08-21T08:54:24.787311 - Poll 22: Status=in-progress, TranscriptLen=0
2026-08-21T08:54:27.349747 - Poll 23: Status=in-progress, TranscriptLen=0
2026-08-21T08:54:29.840903 - Poll 24: Status=in-progress, TranscriptLen=0
2026-08-21T08:54:32.391850 - Poll 25: Status=in-progress, TranscriptLen=0
2026-08-21T08:54:34.880641 - Poll 26: Status=in-progress, TranscriptLen=0
2026-08-21T08:54:37.415391 - Poll 27: Status=in-progress, TranscriptLen=0
2026-08-21T08:54:39.865912 - Poll 28: Status=in-progress, TranscriptLen=0
2026-08-21T08:54:42.410991 - Poll 29: Status=in-progress, TranscriptLen=0
2026-08-21T08:54:44.942677 - Poll 30: Status=in-progress, TranscriptLen=0
2026-08-21T08:54:47.548843 - Poll 31: Status=in-progress, TranscriptLen=0
2026-08-21T08:54:50.035182 - Poll 32: Status=in-progress, TranscriptLen=0
2026-08-21T08:54:52.597192 - Poll 33: Status=in-progress, TranscriptLen=0
2026-08-21T08:54:55.132493 - Poll 34: Status=in-progress, TranscriptLen=0
2026-08-21T08:54:57.714190 - Poll 35: Status=in-progress, TranscriptLen=0
2026-08-21T08:55:00.249143 - Poll 36: Status=in-progress, TranscriptLen=0
2026-08-21T08:55:02.874999 - Poll 37: Status=in-progress, TranscriptLen=0
2026-08-21T08:55:05.382081 - Poll 38: Status=in-progress, TranscriptLen=0
2026-08-21T08:55:08.003857 - Poll 39: Status=in-progress, TranscriptLen=0
2026-08-21T08:55:10.430046 - Poll 40: Status=call-disconnected, TranscriptLen=1399
2026-08-21T08:55:12.914924 - Poll 41: Status=call-disconnected, TranscriptLen=1399
2026-08-21T08:55:15.351099 - Poll 42: Status=call-disconnected, TranscriptLen=1399
2026-08-21T08:55:17.812920 - Poll 43: Status=call-disconnected, TranscriptLen=1399
2026-08-21T08:55:20.246632 - Poll 44: Status=call-disconnected, TranscriptLen=1399
2026-08-21T08:55:22.712711 - Poll 45: Status=call-disconnected, TranscriptLen=1399
2026-08-21T08:55:25.098634 - Poll 46: Status=call-disconnected, TranscriptLen=1399
2026-08-21T08:55:27.562470 - Poll 47: Status=call-disconnected, TranscriptLen=1399
2026-08-21T08:55:29.994690 - Poll 48: Status=call-disconnected, TranscriptLen=1399
2026-08-21T08:55:32.442327 - Poll 49: Status=completed, TranscriptLen=1399
2026-08-21T08:56:59.046480 - Starting polling fallback for Execution 39d29789-2bc3-4c8d-b15b-a3f235c05e81 (Lead: call_1787302618108)
2026-08-21T08:57:01.567620 - Poll 0: Status=ringing, TranscriptLen=0
2026-08-21T08:57:26.795115 - Poll 1: Status=call-disconnected, TranscriptLen=123
2026-08-21T08:57:29.311743 - Poll 2: Status=call-disconnected, TranscriptLen=123
2026-08-21T08:57:31.729744 - Poll 3: Status=call-disconnected, TranscriptLen=123
2026-08-21T08:57:34.126158 - Poll 4: Status=call-disconnected, TranscriptLen=123
2026-08-21T08:57:36.644108 - Poll 5: Status=completed, TranscriptLen=123
2026-08-21T09:05:34.522172 - Starting polling fallback for Execution 725b74fb-ead5-4ca8-98b5-c9204818edc0 (Lead: call_1787303133569)
2026-08-21T09:05:37.605114 - Poll 0: Status=ringing, TranscriptLen=0
2026-08-21T09:05:40.223446 - Poll 1: Status=ringing, TranscriptLen=0
2026-08-21T09:05:42.758943 - Poll 2: Status=in-progress, TranscriptLen=0
2026-08-21T09:05:45.331850 - Poll 3: Status=in-progress, TranscriptLen=0
2026-08-21T09:05:47.868940 - Poll 4: Status=in-progress, TranscriptLen=0
2026-08-21T09:05:50.638639 - Poll 5: Status=in-progress, TranscriptLen=0
2026-08-21T09:05:53.119587 - Poll 6: Status=in-progress, TranscriptLen=0
2026-08-21T09:05:55.688181 - Poll 7: Status=in-progress, TranscriptLen=0
2026-08-21T09:05:58.152135 - Poll 8: Status=in-progress, TranscriptLen=0
2026-08-21T09:06:00.717926 - Poll 9: Status=in-progress, TranscriptLen=0
2026-08-21T09:06:03.603408 - Poll 10: Status=in-progress, TranscriptLen=0
2026-08-21T09:06:06.175691 - Poll 11: Status=in-progress, TranscriptLen=0
2026-08-21T09:06:32.286418 - Poll 12: Status=completed, TranscriptLen=298
2026-08-21T09:07:38.714261 - Starting polling fallback for Execution f6e4ca09-2e79-4dec-9166-57b18c443894 (Lead: call_1787303257791)
2026-08-21T09:07:41.114064 - Poll 0: Status=ringing, TranscriptLen=0
2026-08-21T09:07:43.674147 - Poll 1: Status=ringing, TranscriptLen=0
2026-08-21T09:07:46.161779 - Poll 2: Status=in-progress, TranscriptLen=0
2026-08-21T09:08:18.372412 - Poll 3: Status=in-progress, TranscriptLen=0
2026-08-21T09:08:20.821189 - Poll 4: Status=completed, TranscriptLen=287
2026-08-21T09:10:24.274022 - Starting polling fallback for Execution ea7fb4e4-dd6f-4892-8d54-42e1e169c5e4 (Lead: call_1787303423310)
2026-08-21T09:10:26.634043 - Poll 0: Status=initiated, TranscriptLen=0
2026-08-21T09:10:29.836657 - Poll 1: Status=ringing, TranscriptLen=0
2026-08-21T09:10:32.391318 - Poll 2: Status=in-progress, TranscriptLen=0
2026-08-21T09:10:34.943062 - Poll 3: Status=in-progress, TranscriptLen=0
2026-08-21T09:10:37.542896 - Poll 4: Status=in-progress, TranscriptLen=0
2026-08-21T09:10:40.343193 - Poll 5: Status=in-progress, TranscriptLen=0
2026-08-21T09:10:42.818168 - Poll 6: Status=in-progress, TranscriptLen=0
2026-08-21T09:10:45.382197 - Poll 7: Status=in-progress, TranscriptLen=0
2026-08-21T09:10:47.942860 - Poll 8: Status=in-progress, TranscriptLen=91
2026-08-21T09:10:51.663924 - Poll 9: Status=call-disconnected, TranscriptLen=91
2026-08-21T09:10:54.186453 - Poll 10: Status=call-disconnected, TranscriptLen=91
2026-08-21T09:10:56.620332 - Poll 11: Status=call-disconnected, TranscriptLen=91
2026-08-21T09:10:59.037906 - Poll 12: Status=call-disconnected, TranscriptLen=91
2026-08-21T09:11:01.502483 - Poll 13: Status=call-disconnected, TranscriptLen=91
2026-08-21T09:11:03.940516 - Poll 14: Status=completed, TranscriptLen=91
2026-08-21T09:13:39.971037 - Starting polling fallback for Execution 4cb08538-d335-45ab-b502-7c2fae4a825c (Lead: call_1787303619075)
2026-08-21T09:13:43.383877 - Poll 0: Status=ringing, TranscriptLen=0
2026-08-21T09:13:54.128486 - Poll 1: Status=in-progress, TranscriptLen=0
2026-08-21T09:13:56.578480 - Poll 2: Status=in-progress, TranscriptLen=0
2026-08-21T09:13:59.133119 - Poll 3: Status=in-progress, TranscriptLen=0
2026-08-21T09:14:02.070078 - Poll 4: Status=in-progress, TranscriptLen=0
2026-08-21T09:14:33.836069 - Poll 5: Status=completed, TranscriptLen=495
2026-08-21T09:15:26.726223 - Starting polling fallback for Execution f86a5140-1d65-4fea-a33a-3bfdc5ec69cd (Lead: call_1787303725797)
2026-08-21T09:15:29.074475 - Poll 0: Status=queued, TranscriptLen=0
2026-08-21T09:15:31.624638 - Poll 1: Status=ringing, TranscriptLen=0
2026-08-21T09:15:34.389795 - Poll 2: Status=ringing, TranscriptLen=0
2026-08-21T09:15:36.943619 - Poll 3: Status=in-progress, TranscriptLen=0
2026-08-21T09:15:39.421112 - Poll 4: Status=in-progress, TranscriptLen=0
2026-08-21T09:15:41.960301 - Poll 5: Status=in-progress, TranscriptLen=0
2026-08-21T09:15:44.468405 - Poll 6: Status=in-progress, TranscriptLen=0
2026-08-21T09:15:47.118466 - Poll 7: Status=call-disconnected, TranscriptLen=133
2026-08-21T09:15:49.608315 - Poll 8: Status=call-disconnected, TranscriptLen=133
2026-08-21T09:15:52.046567 - Poll 9: Status=call-disconnected, TranscriptLen=133
2026-08-21T09:15:54.594031 - Poll 10: Status=call-disconnected, TranscriptLen=133
2026-08-21T09:15:57.038457 - Poll 11: Status=call-disconnected, TranscriptLen=133
2026-08-21T09:15:59.494548 - Poll 12: Status=call-disconnected, TranscriptLen=133
2026-08-21T09:16:02.008449 - Poll 13: Status=completed, TranscriptLen=133
2026-08-21T09:17:27.409238 - Starting polling fallback for Execution f969d9aa-c1f1-429f-b297-f95141416389 (Lead: call_1787303846468)
2026-08-21T09:17:29.713274 - Poll 0: Status=queued, TranscriptLen=0
2026-08-21T09:17:32.167994 - Poll 1: Status=ringing, TranscriptLen=0
2026-08-21T09:17:34.728294 - Poll 2: Status=ringing, TranscriptLen=0
2026-08-21T09:17:37.401496 - Poll 3: Status=in-progress, TranscriptLen=0
2026-08-21T09:17:39.966569 - Poll 4: Status=in-progress, TranscriptLen=0
2026-08-21T09:17:42.451586 - Poll 5: Status=in-progress, TranscriptLen=0
2026-08-21T09:17:45.017629 - Poll 6: Status=in-progress, TranscriptLen=0
2026-08-21T09:17:47.501346 - Poll 7: Status=in-progress, TranscriptLen=0
2026-08-21T09:17:50.770512 - Poll 8: Status=call-disconnected, TranscriptLen=140
2026-08-21T09:17:53.129516 - Poll 9: Status=call-disconnected, TranscriptLen=140
2026-08-21T09:17:55.612823 - Poll 10: Status=call-disconnected, TranscriptLen=140
2026-08-21T09:17:58.084011 - Poll 11: Status=call-disconnected, TranscriptLen=140
2026-08-21T09:18:00.540248 - Poll 12: Status=call-disconnected, TranscriptLen=140
2026-08-21T09:18:03.077420 - Poll 13: Status=completed, TranscriptLen=140
2026-08-21T09:19:11.610979 - Starting polling fallback for Execution fd7b48af-c86c-4329-b53e-49898f699e61 (Lead: call_1787303950692)
2026-08-21T09:19:14.246723 - Poll 0: Status=ringing, TranscriptLen=0
2026-08-21T09:19:19.717208 - Poll 1: Status=in-progress, TranscriptLen=0
2026-08-21T09:19:22.190561 - Poll 2: Status=in-progress, TranscriptLen=0
2026-08-21T09:19:24.786475 - Poll 3: Status=in-progress, TranscriptLen=0
2026-08-21T09:19:27.233930 - Poll 4: Status=in-progress, TranscriptLen=0
2026-08-21T09:19:35.462800 - Poll 5: Status=in-progress, TranscriptLen=0
2026-08-21T09:19:37.929676 - Poll 6: Status=in-progress, TranscriptLen=0
2026-08-21T09:19:40.459830 - Poll 7: Status=in-progress, TranscriptLen=0
2026-08-21T09:19:42.951344 - Poll 8: Status=in-progress, TranscriptLen=0
2026-08-21T09:19:45.488355 - Poll 9: Status=in-progress, TranscriptLen=0
2026-08-21T09:19:47.993384 - Poll 10: Status=in-progress, TranscriptLen=0
2026-08-21T09:19:50.544983 - Poll 11: Status=in-progress, TranscriptLen=0
2026-08-21T09:19:53.018463 - Poll 12: Status=in-progress, TranscriptLen=0
2026-08-21T09:19:55.754969 - Poll 13: Status=in-progress, TranscriptLen=0
2026-08-21T09:19:58.216806 - Poll 14: Status=in-progress, TranscriptLen=0
2026-08-21T09:20:00.773779 - Poll 15: Status=in-progress, TranscriptLen=0
2026-08-21T09:20:03.290228 - Poll 16: Status=in-progress, TranscriptLen=0
2026-08-21T09:20:05.816351 - Poll 17: Status=in-progress, TranscriptLen=0
2026-08-21T09:20:08.347447 - Poll 18: Status=in-progress, TranscriptLen=0
2026-08-21T09:20:15.717960 - Poll 19: Status=in-progress, TranscriptLen=0
2026-08-21T09:20:18.220489 - Poll 20: Status=in-progress, TranscriptLen=0
2026-08-21T09:20:20.777586 - Poll 21: Status=in-progress, TranscriptLen=0
2026-08-21T09:20:23.270701 - Poll 22: Status=in-progress, TranscriptLen=0
2026-08-21T09:20:29.713410 - Poll 23: Status=in-progress, TranscriptLen=0
2026-08-21T09:20:32.220734 - Poll 24: Status=in-progress, TranscriptLen=0
2026-08-21T09:20:34.820183 - Poll 25: Status=in-progress, TranscriptLen=0
2026-08-21T09:20:37.293243 - Poll 26: Status=in-progress, TranscriptLen=0
2026-08-21T09:20:45.777651 - Poll 27: Status=call-disconnected, TranscriptLen=1273
2026-08-21T09:20:48.282309 - Poll 28: Status=call-disconnected, TranscriptLen=1273
2026-08-21T09:20:50.713334 - Poll 29: Status=call-disconnected, TranscriptLen=1273
2026-08-21T09:20:53.178681 - Poll 30: Status=call-disconnected, TranscriptLen=1273
2026-08-21T09:20:55.633361 - Poll 31: Status=completed, TranscriptLen=1273
2026-08-21T09:30:42.093196 - Starting polling fallback for Execution 0f35a216-2d48-4a5e-8b5c-790aea68f2d6 (Lead: call_1787304641092)
2026-08-21T09:30:45.671440 - Poll 0: Status=ringing, TranscriptLen=0
2026-08-21T09:30:48.324965 - Poll 1: Status=ringing, TranscriptLen=0
2026-08-21T09:30:50.835525 - Poll 2: Status=ringing, TranscriptLen=0
2026-08-21T09:30:53.448572 - Poll 3: Status=in-progress, TranscriptLen=0
2026-08-21T09:30:56.248214 - Poll 4: Status=in-progress, TranscriptLen=0
2026-08-21T09:30:58.836770 - Poll 5: Status=in-progress, TranscriptLen=0
2026-08-21T09:31:01.502578 - Poll 6: Status=in-progress, TranscriptLen=0
2026-08-21T09:31:04.014850 - Poll 7: Status=in-progress, TranscriptLen=0
2026-08-21T09:31:06.531339 - Poll 8: Status=in-progress, TranscriptLen=0
2026-08-21T09:31:09.048600 - Poll 9: Status=in-progress, TranscriptLen=0
2026-08-21T09:31:15.886344 - Poll 10: Status=in-progress, TranscriptLen=0
2026-08-21T09:31:18.365799 - Poll 11: Status=in-progress, TranscriptLen=0
2026-08-21T09:31:20.914951 - Poll 12: Status=in-progress, TranscriptLen=0
2026-08-21T09:31:23.360084 - Poll 13: Status=in-progress, TranscriptLen=0
2026-08-21T09:31:25.917139 - Poll 14: Status=in-progress, TranscriptLen=0
2026-08-21T09:31:28.376386 - Poll 15: Status=in-progress, TranscriptLen=0
2026-08-21T09:31:36.116557 - Poll 16: Status=in-progress, TranscriptLen=0
2026-08-21T09:31:38.616499 - Poll 17: Status=in-progress, TranscriptLen=0
2026-08-21T09:31:41.173199 - Poll 18: Status=in-progress, TranscriptLen=0
2026-08-21T09:31:43.639951 - Poll 19: Status=in-progress, TranscriptLen=0
2026-08-21T09:31:46.225502 - Poll 20: Status=in-progress, TranscriptLen=0
2026-08-21T09:31:48.723432 - Poll 21: Status=in-progress, TranscriptLen=0
2026-08-21T09:31:51.265577 - Poll 22: Status=in-progress, TranscriptLen=0
2026-08-21T09:31:53.751810 - Poll 23: Status=in-progress, TranscriptLen=0
2026-08-21T09:31:56.262731 - Poll 24: Status=in-progress, TranscriptLen=0
2026-08-21T09:31:58.729595 - Poll 25: Status=in-progress, TranscriptLen=0
2026-08-21T09:32:05.888910 - Poll 26: Status=in-progress, TranscriptLen=0
2026-08-21T09:32:08.446761 - Poll 27: Status=in-progress, TranscriptLen=0
2026-08-21T09:32:10.997597 - Poll 28: Status=in-progress, TranscriptLen=0
2026-08-21T09:32:13.472685 - Poll 29: Status=in-progress, TranscriptLen=0
2026-08-21T09:32:16.145949 - Poll 30: Status=in-progress, TranscriptLen=0
2026-08-21T09:32:18.645520 - Poll 31: Status=in-progress, TranscriptLen=0
2026-08-21T09:32:21.232170 - Poll 32: Status=in-progress, TranscriptLen=0
2026-08-21T09:32:23.732975 - Poll 33: Status=in-progress, TranscriptLen=0
2026-08-21T09:32:29.867333 - Poll 34: Status=in-progress, TranscriptLen=0
2026-08-21T09:32:32.348739 - Poll 35: Status=in-progress, TranscriptLen=0
2026-08-21T09:32:34.935303 - Poll 36: Status=in-progress, TranscriptLen=0
2026-08-21T09:32:37.409245 - Poll 37: Status=in-progress, TranscriptLen=0
2026-08-21T09:32:40.000133 - Poll 38: Status=in-progress, TranscriptLen=0
2026-08-21T09:32:42.488921 - Poll 39: Status=in-progress, TranscriptLen=0
2026-08-21T09:32:45.039678 - Poll 40: Status=in-progress, TranscriptLen=0
2026-08-21T09:32:47.530197 - Poll 41: Status=in-progress, TranscriptLen=0
2026-08-21T09:32:50.104183 - Poll 42: Status=in-progress, TranscriptLen=0
2026-08-21T09:32:52.562715 - Poll 43: Status=in-progress, TranscriptLen=0
2026-08-21T09:32:55.128170 - Poll 44: Status=in-progress, TranscriptLen=0
2026-08-21T09:32:57.652539 - Poll 45: Status=in-progress, TranscriptLen=1590
2026-08-21T09:33:00.566741 - Poll 46: Status=call-disconnected, TranscriptLen=1590
2026-08-21T09:33:03.258678 - Poll 47: Status=call-disconnected, TranscriptLen=1590
2026-08-21T09:33:05.871958 - Poll 48: Status=call-disconnected, TranscriptLen=1590
2026-08-21T09:33:08.378733 - Poll 49: Status=call-disconnected, TranscriptLen=1590
2026-08-21T09:33:10.889594 - Poll 50: Status=call-disconnected, TranscriptLen=1590
2026-08-21T09:33:13.376359 - Poll 51: Status=call-disconnected, TranscriptLen=1590
2026-08-21T09:33:15.897997 - Poll 52: Status=call-disconnected, TranscriptLen=1590
2026-08-21T09:33:25.676928 - Poll 53: Status=call-disconnected, TranscriptLen=1590
2026-08-21T09:33:28.319216 - Poll 54: Status=completed, TranscriptLen=1590
2026-08-21T09:35:45.938500 - Starting polling fallback for Execution 6820ed46-9832-43d5-9119-2c19c349119f (Lead: call_1787304940910)
2026-08-21T09:35:49.389320 - Poll 0: Status=ringing, TranscriptLen=0
2026-08-21T09:35:51.952696 - Poll 1: Status=ringing, TranscriptLen=0
2026-08-21T09:35:54.422157 - Poll 2: Status=in-progress, TranscriptLen=0
2026-08-21T09:35:56.984858 - Poll 3: Status=in-progress, TranscriptLen=0
2026-08-21T09:35:59.500952 - Poll 4: Status=in-progress, TranscriptLen=0
2026-08-21T09:36:02.134293 - Poll 5: Status=in-progress, TranscriptLen=0
2026-08-21T09:36:04.661347 - Poll 6: Status=in-progress, TranscriptLen=0
2026-08-21T09:36:07.219811 - Poll 7: Status=in-progress, TranscriptLen=0
2026-08-21T09:36:09.701698 - Poll 8: Status=in-progress, TranscriptLen=0
2026-08-21T09:36:12.295586 - Poll 9: Status=in-progress, TranscriptLen=0
2026-08-21T09:36:14.751289 - Poll 10: Status=in-progress, TranscriptLen=0
2026-08-21T09:36:17.383768 - Poll 11: Status=in-progress, TranscriptLen=0
2026-08-21T09:36:19.852163 - Poll 12: Status=in-progress, TranscriptLen=0
2026-08-21T09:36:22.400827 - Poll 13: Status=in-progress, TranscriptLen=0
2026-08-21T09:36:24.913507 - Poll 14: Status=in-progress, TranscriptLen=0
2026-08-21T09:36:27.466417 - Poll 15: Status=in-progress, TranscriptLen=0
2026-08-21T09:36:30.011927 - Poll 16: Status=in-progress, TranscriptLen=0
2026-08-21T09:36:32.576619 - Poll 17: Status=in-progress, TranscriptLen=0
2026-08-21T09:36:35.058864 - Poll 18: Status=in-progress, TranscriptLen=0
2026-08-21T09:36:37.615794 - Poll 19: Status=in-progress, TranscriptLen=0
2026-08-21T09:36:40.124289 - Poll 20: Status=in-progress, TranscriptLen=0
2026-08-21T09:36:42.713937 - Poll 21: Status=in-progress, TranscriptLen=0
2026-08-21T09:36:45.249851 - Poll 22: Status=in-progress, TranscriptLen=0
2026-08-21T09:36:47.806928 - Poll 23: Status=in-progress, TranscriptLen=0
2026-08-21T09:36:50.319176 - Poll 24: Status=in-progress, TranscriptLen=0
2026-08-21T09:36:55.955944 - Poll 25: Status=in-progress, TranscriptLen=0
2026-08-21T09:36:58.434919 - Poll 26: Status=in-progress, TranscriptLen=0
2026-08-21T09:37:01.014291 - Poll 27: Status=in-progress, TranscriptLen=0
2026-08-21T09:37:03.469781 - Poll 28: Status=in-progress, TranscriptLen=0
2026-08-21T09:37:06.038597 - Poll 29: Status=in-progress, TranscriptLen=0
2026-08-21T09:37:08.524793 - Poll 30: Status=in-progress, TranscriptLen=0
2026-08-21T09:37:11.097402 - Poll 31: Status=in-progress, TranscriptLen=0
2026-08-21T09:37:13.571471 - Poll 32: Status=in-progress, TranscriptLen=0
2026-08-21T09:37:16.190512 - Poll 33: Status=in-progress, TranscriptLen=0
2026-08-21T09:37:18.724224 - Poll 34: Status=in-progress, TranscriptLen=0
2026-08-21T09:37:21.298275 - Poll 35: Status=in-progress, TranscriptLen=0
2026-08-21T09:37:23.767540 - Poll 36: Status=in-progress, TranscriptLen=0
2026-08-21T09:37:31.730207 - Poll 37: Status=in-progress, TranscriptLen=0
2026-08-21T09:37:34.196366 - Poll 38: Status=in-progress, TranscriptLen=0
2026-08-21T09:37:41.970108 - Poll 39: Status=call-disconnected, TranscriptLen=1940
2026-08-21T09:37:44.496738 - Poll 40: Status=call-disconnected, TranscriptLen=1940
2026-08-21T09:37:47.053072 - Poll 41: Status=call-disconnected, TranscriptLen=1940
2026-08-21T09:37:49.538449 - Poll 42: Status=call-disconnected, TranscriptLen=1940
2026-08-21T09:37:52.094145 - Poll 43: Status=call-disconnected, TranscriptLen=1940
2026-08-21T09:37:54.569560 - Poll 44: Status=call-disconnected, TranscriptLen=1940
2026-08-21T09:37:57.284015 - Poll 45: Status=call-disconnected, TranscriptLen=1940
2026-08-21T09:38:00.107258 - Poll 46: Status=completed, TranscriptLen=1940
2026-08-21T09:41:46.813383 - Starting polling fallback for Execution 0f8fc929-8464-49e8-8da6-dd20e6da4c67 (Lead: call_1787305305896)
2026-08-21T09:41:49.201790 - Poll 0: Status=ringing, TranscriptLen=0
2026-08-21T09:41:51.772157 - Poll 1: Status=ringing, TranscriptLen=0
2026-08-21T09:41:54.268448 - Poll 2: Status=in-progress, TranscriptLen=0
2026-08-21T09:42:20.227030 - Poll 3: Status=in-progress, TranscriptLen=0
2026-08-21T09:42:22.792945 - Poll 4: Status=completed, TranscriptLen=238
2026-08-21T09:42:45.156649 - Starting polling fallback for Execution 3b834ce1-0421-43cb-a284-38e75905dc0f (Lead: call_1787305364077)
2026-08-21T09:42:47.549479 - Poll 0: Status=ringing, TranscriptLen=0
2026-08-21T09:42:50.105699 - Poll 1: Status=ringing, TranscriptLen=0
2026-08-21T09:42:53.263144 - Poll 2: Status=in-progress, TranscriptLen=0
2026-08-21T09:42:55.792981 - Poll 3: Status=in-progress, TranscriptLen=0
2026-08-21T09:42:58.286738 - Poll 4: Status=in-progress, TranscriptLen=0
2026-08-21T09:43:00.882232 - Poll 5: Status=in-progress, TranscriptLen=0
2026-08-21T09:43:03.448044 - Poll 6: Status=in-progress, TranscriptLen=0
2026-08-21T09:43:05.965618 - Poll 7: Status=in-progress, TranscriptLen=0
2026-08-21T09:43:08.597478 - Poll 8: Status=in-progress, TranscriptLen=0
2026-08-21T09:43:11.891877 - Poll 9: Status=in-progress, TranscriptLen=0
2026-08-21T09:43:14.514583 - Poll 10: Status=in-progress, TranscriptLen=0
2026-08-21T09:43:17.039491 - Poll 11: Status=in-progress, TranscriptLen=0
2026-08-21T09:43:19.608690 - Poll 12: Status=in-progress, TranscriptLen=0
2026-08-21T09:43:22.130648 - Poll 13: Status=in-progress, TranscriptLen=0
2026-08-21T09:43:24.712914 - Poll 14: Status=in-progress, TranscriptLen=0
2026-08-21T09:43:27.174183 - Poll 15: Status=in-progress, TranscriptLen=513
2026-08-21T09:43:30.330186 - Poll 16: Status=call-disconnected, TranscriptLen=513
2026-08-21T09:43:32.799194 - Poll 17: Status=call-disconnected, TranscriptLen=513
2026-08-21T09:43:35.280010 - Poll 18: Status=call-disconnected, TranscriptLen=513
2026-08-21T09:43:37.752338 - Poll 19: Status=call-disconnected, TranscriptLen=513
2026-08-21T09:43:40.290157 - Poll 20: Status=call-disconnected, TranscriptLen=513
2026-08-21T09:43:42.808797 - Poll 21: Status=call-disconnected, TranscriptLen=513
2026-08-21T09:43:45.259916 - Poll 22: Status=completed, TranscriptLen=513
2026-08-21T09:47:20.576757 - Starting polling fallback for Execution fc4722fb-9a05-4695-a743-aa2a0770ac88 (Lead: call_1787305639656)
2026-08-21T09:47:22.937877 - Poll 0: Status=queued, TranscriptLen=0
2026-08-21T09:47:25.440273 - Poll 1: Status=queued, TranscriptLen=0
2026-08-21T09:47:32.610803 - Poll 2: Status=in-progress, TranscriptLen=0
2026-08-21T09:47:35.116498 - Poll 3: Status=in-progress, TranscriptLen=0
2026-08-21T09:48:02.575140 - Poll 4: Status=completed, TranscriptLen=160
2026-08-21T09:49:48.463404 - Starting polling fallback for Execution 081f1d7c-5130-4cba-ac41-a8dd861c8146 (Lead: call_1787305787477)
2026-08-21T09:49:50.791212 - Poll 0: Status=initiated, TranscriptLen=0
2026-08-21T09:49:53.423113 - Poll 1: Status=ringing, TranscriptLen=0
2026-08-21T09:49:55.965886 - Poll 2: Status=in-progress, TranscriptLen=0
2026-08-21T09:49:58.453153 - Poll 3: Status=in-progress, TranscriptLen=0
2026-08-21T09:50:00.946816 - Poll 4: Status=in-progress, TranscriptLen=0
2026-08-21T09:50:06.521954 - Poll 5: Status=in-progress, TranscriptLen=0
2026-08-21T09:50:09.047005 - Poll 6: Status=in-progress, TranscriptLen=0
2026-08-21T09:50:11.661995 - Poll 7: Status=in-progress, TranscriptLen=0
2026-08-21T09:50:14.246269 - Poll 8: Status=in-progress, TranscriptLen=0
2026-08-21T09:50:16.817311 - Poll 9: Status=in-progress, TranscriptLen=0
2026-08-21T09:50:19.301426 - Poll 10: Status=in-progress, TranscriptLen=0
2026-08-21T09:50:22.060334 - Poll 11: Status=in-progress, TranscriptLen=0
2026-08-21T09:50:24.500580 - Poll 12: Status=in-progress, TranscriptLen=0
2026-08-21T09:50:27.147607 - Poll 13: Status=in-progress, TranscriptLen=0
2026-08-21T09:50:29.632545 - Poll 14: Status=in-progress, TranscriptLen=0
2026-08-21T09:50:35.810792 - Poll 15: Status=in-progress, TranscriptLen=0
2026-08-21T09:50:38.456617 - Poll 16: Status=in-progress, TranscriptLen=0
2026-08-21T09:50:41.110510 - Poll 17: Status=in-progress, TranscriptLen=0
2026-08-21T09:50:43.717452 - Poll 18: Status=in-progress, TranscriptLen=0
2026-08-21T09:50:46.534674 - Poll 19: Status=in-progress, TranscriptLen=0
2026-08-21T09:50:49.042847 - Poll 20: Status=in-progress, TranscriptLen=0
2026-08-21T09:50:51.513014 - Poll 21: Status=in-progress, TranscriptLen=0
2026-08-21T09:50:54.098045 - Poll 22: Status=in-progress, TranscriptLen=0
2026-08-21T09:50:56.633154 - Poll 23: Status=in-progress, TranscriptLen=0
2026-08-21T09:50:59.344294 - Poll 24: Status=in-progress, TranscriptLen=0
2026-08-21T09:51:02.076439 - Poll 25: Status=in-progress, TranscriptLen=0
2026-08-21T09:51:04.721317 - Poll 26: Status=in-progress, TranscriptLen=0
2026-08-21T09:51:07.219429 - Poll 27: Status=in-progress, TranscriptLen=0
2026-08-21T09:51:09.786384 - Poll 28: Status=in-progress, TranscriptLen=0
2026-08-21T09:51:12.276439 - Poll 29: Status=in-progress, TranscriptLen=1095
2026-08-21T09:51:14.742937 - Poll 30: Status=call-disconnected, TranscriptLen=1095
2026-08-21T09:51:17.142686 - Poll 31: Status=call-disconnected, TranscriptLen=1095
2026-08-21T09:51:19.586978 - Poll 32: Status=call-disconnected, TranscriptLen=1095
2026-08-21T09:51:25.816689 - Poll 33: Status=completed, TranscriptLen=1095
2026-08-21T09:53:28.245855 - Starting polling fallback for Execution 88e41c71-e028-49a7-add2-42d6badafe09 (Lead: bulk_1787306007710_0)
2026-08-21T09:53:29.155923 - Starting polling fallback for Execution 3a8a3f98-eb27-4de0-97c8-db656b07b65b (Lead: bulk_1787306008763_1)
2026-08-21T09:53:30.611663 - Poll 0: Status=initiated, TranscriptLen=0
2026-08-21T09:53:30.615598 - Starting polling fallback for Execution cf760b6c-5b37-4f41-940b-a88d7d406c2f (Lead: bulk_1787306009662_2)
2026-08-21T09:53:31.569481 - Poll 0: Status=initiated, TranscriptLen=0
2026-08-21T09:53:31.573502 - Starting polling fallback for Execution c0e9a000-b0dc-4dce-bd65-47f5819ec2db (Lead: bulk_1787306011118_3)
2026-08-21T09:53:32.536878 - Starting polling fallback for Execution cfbf9017-c2c2-43c5-b13e-224982f63011 (Lead: bulk_1787306012080_4)
2026-08-21T09:53:33.019773 - Poll 0: Status=ringing, TranscriptLen=0
2026-08-21T09:53:33.125180 - Poll 1: Status=ringing, TranscriptLen=0
2026-08-21T09:53:33.551345 - Starting polling fallback for Execution 22c6b884-f84a-4ef4-b8d0-5851b0eb1a6d (Lead: bulk_1787306013046_5)
2026-08-21T09:53:33.989172 - Poll 1: Status=ringing, TranscriptLen=0
2026-08-21T09:53:34.002466 - Poll 0: Status=initiated, TranscriptLen=0
2026-08-21T09:53:34.592723 - Starting polling fallback for Execution 16d06f44-4c26-4abf-a2fe-c9e967ebf5bf (Lead: bulk_1787306014050_6)
2026-08-21T09:53:34.852923 - Poll 0: Status=initiated, TranscriptLen=0
2026-08-21T09:53:35.449419 - Poll 1: Status=ringing, TranscriptLen=0
2026-08-21T09:53:35.537476 - Poll 2: Status=ringing, TranscriptLen=0
2026-08-21T09:53:35.548129 - Starting polling fallback for Execution 251159f5-71b8-4716-b98a-b60e5ad68fa4 (Lead: bulk_1787306015102_7)
2026-08-21T09:53:35.951897 - Poll 0: Status=ringing, TranscriptLen=0
2026-08-21T09:53:36.364904 - Poll 2: Status=ringing, TranscriptLen=0
2026-08-21T09:53:36.391960 - Poll 1: Status=initiated, TranscriptLen=0
2026-08-21T09:53:36.456959 - Starting polling fallback for Execution 22b9af3a-a828-4b10-a5be-ef85f015b014 (Lead: bulk_1787306016045_8)
2026-08-21T09:53:37.002917 - Poll 0: Status=ringing, TranscriptLen=0
2026-08-21T09:53:37.307942 - Poll 1: Status=ringing, TranscriptLen=0
2026-08-21T09:53:37.412309 - Starting polling fallback for Execution d6c46f90-f4ac-4f4d-821e-4838df0dc994 (Lead: bulk_1787306016963_9)
2026-08-21T09:53:37.806364 - Poll 2: Status=ringing, TranscriptLen=0
2026-08-21T09:53:37.918780 - Poll 0: Status=ringing, TranscriptLen=0
2026-08-21T09:53:37.923983 - Poll 3: Status=ringing, TranscriptLen=0
2026-08-21T09:53:38.444149 - Poll 1: Status=ringing, TranscriptLen=0
2026-08-21T09:53:38.459379 - Starting polling fallback for Execution a16a0dfa-e692-46a8-b6be-7c9ee001ec26 (Lead: bulk_1787306017914_10)
2026-08-21T09:53:38.851031 - Poll 0: Status=ringing, TranscriptLen=0
2026-08-21T09:53:38.856262 - Poll 3: Status=ringing, TranscriptLen=0
2026-08-21T09:53:38.970441 - Poll 2: Status=initiated, TranscriptLen=0
2026-08-21T09:53:39.372087 - Starting polling fallback for Execution 09aca997-046b-4ae8-bc46-36f236fb5e6d (Lead: bulk_1787306018950_11)
2026-08-21T09:53:39.403697 - Poll 1: Status=ringing, TranscriptLen=0
2026-08-21T09:53:39.774853 - Poll 2: Status=ringing, TranscriptLen=0
2026-08-21T09:53:39.786226 - Poll 0: Status=initiated, TranscriptLen=0
2026-08-21T09:53:40.319071 - Starting polling fallback for Execution cea73d0e-2233-4d2f-aa43-0ac8199fd590 (Lead: bulk_1787306019877_12)
2026-08-21T09:53:40.338105 - Poll 3: Status=ringing, TranscriptLen=0
2026-08-21T09:53:40.502156 - Poll 1: Status=ringing, TranscriptLen=0
2026-08-21T09:53:40.836836 - Poll 0: Status=queued, TranscriptLen=0
2026-08-21T09:53:40.840835 - Poll 4: Status=ringing, TranscriptLen=0
2026-08-21T09:53:40.846856 - Poll 2: Status=ringing, TranscriptLen=0
2026-08-21T09:53:41.287958 - Starting polling fallback for Execution 30535173-66af-46cf-8be0-7cfbcd32351f (Lead: bulk_1787306020819_13)
2026-08-21T09:53:41.301008 - Poll 1: Status=ringing, TranscriptLen=0
2026-08-21T09:53:41.367177 - Poll 4: Status=ringing, TranscriptLen=0
2026-08-21T09:53:41.373107 - Poll 3: Status=ringing, TranscriptLen=0
2026-08-21T09:53:41.784438 - Poll 0: Status=queued, TranscriptLen=0
2026-08-21T09:53:41.886396 - Poll 2: Status=ringing, TranscriptLen=0
2026-08-21T09:53:42.173125 - Poll 1: Status=initiated, TranscriptLen=0
2026-08-21T09:53:42.178458 - Poll 3: Status=ringing, TranscriptLen=0
2026-08-21T09:53:42.185765 - Starting polling fallback for Execution 20a7c48f-ec5b-4ebf-a96a-ca3f692efafb (Lead: bulk_1787306021778_14)
2026-08-21T09:53:42.701452 - Poll 0: Status=queued, TranscriptLen=0
2026-08-21T09:53:42.762312 - Poll 4: Status=in-progress, TranscriptLen=0
2026-08-21T09:53:42.914067 - Poll 2: Status=ringing, TranscriptLen=0
2026-08-21T09:53:43.153030 - Starting polling fallback for Execution 66efecbc-e0bc-4f3a-a193-8e3c467e967c (Lead: bulk_1787306022695_15)
2026-08-21T09:53:43.428345 - Poll 5: Status=ringing, TranscriptLen=0
2026-08-21T09:53:43.428345 - Poll 1: Status=queued, TranscriptLen=0
2026-08-21T09:53:43.590704 - Poll 0: Status=queued, TranscriptLen=0
2026-08-21T09:53:43.759112 - Poll 5: Status=ringing, TranscriptLen=0
2026-08-21T09:53:43.759112 - Poll 3: Status=ringing, TranscriptLen=0
2026-08-21T09:53:43.767509 - Poll 2: Status=ringing, TranscriptLen=0
2026-08-21T09:53:43.768759 - Poll 4: Status=ringing, TranscriptLen=0
2026-08-21T09:53:44.164601 - Starting polling fallback for Execution ade92465-1d59-4b95-9e8b-3dc4b705e68a (Lead: bulk_1787306023668_16)
2026-08-21T09:53:44.216464 - Poll 1: Status=queued, TranscriptLen=0
2026-08-21T09:53:44.327938 - Poll 3: Status=ringing, TranscriptLen=0
2026-08-21T09:53:44.596030 - Poll 0: Status=queued, TranscriptLen=0
2026-08-21T09:53:44.708807 - Poll 4: Status=ringing, TranscriptLen=0
2026-08-21T09:53:44.708807 - Poll 2: Status=initiated, TranscriptLen=0
2026-08-21T09:53:45.079520 - Starting polling fallback for Execution 2f32f780-e93e-42ad-b2e0-a56a5ac952f1 (Lead: bulk_1787306024676_17)
2026-08-21T09:53:45.152092 - Poll 5: Status=in-progress, TranscriptLen=0
2026-08-21T09:53:45.214055 - Poll 1: Status=queued, TranscriptLen=0
2026-08-21T09:53:45.576630 - Poll 3: Status=ringing, TranscriptLen=0
2026-08-21T09:53:45.621799 - Poll 0: Status=queued, TranscriptLen=0
2026-08-21T09:53:45.852933 - Poll 2: Status=queued, TranscriptLen=0
2026-08-21T09:53:45.866192 - Poll 6: Status=ringing, TranscriptLen=0
2026-08-21T09:53:46.044401 - Poll 1: Status=queued, TranscriptLen=0
2026-08-21T09:53:46.270075 - Poll 4: Status=ringing, TranscriptLen=0
2026-08-21T09:53:46.271098 - Poll 6: Status=ringing, TranscriptLen=0
2026-08-21T09:53:46.276415 - Poll 5: Status=ringing, TranscriptLen=0
2026-08-21T09:53:46.325510 - Poll 3: Status=ringing, TranscriptLen=0
2026-08-21T09:53:46.491959 - Poll 0: Status=queued, TranscriptLen=0
2026-08-21T09:53:46.583631 - Poll 2: Status=queued, TranscriptLen=0
2026-08-21T09:53:46.777190 - Poll 4: Status=ringing, TranscriptLen=0
2026-08-21T09:53:47.069615 - Poll 1: Status=queued, TranscriptLen=0
2026-08-21T09:53:47.124303 - Poll 5: Status=ringing, TranscriptLen=0
2026-08-21T09:53:47.137949 - Poll 3: Status=initiated, TranscriptLen=0
2026-08-21T09:53:47.404402 - Poll 0: Status=queued, TranscriptLen=0
2026-08-21T09:53:47.732931 - Poll 6: Status=in-progress, TranscriptLen=0
2026-08-21T09:53:47.732931 - Poll 2: Status=queued, TranscriptLen=0
2026-08-21T09:53:47.985369 - Poll 4: Status=in-progress, TranscriptLen=0
2026-08-21T09:53:48.015422 - Poll 1: Status=queued, TranscriptLen=0
2026-08-21T09:53:48.668594 - Poll 7: Status=ringing, TranscriptLen=0
2026-08-21T09:53:48.674635 - Poll 3: Status=queued, TranscriptLen=0
2026-08-21T09:53:48.745353 - Poll 2: Status=queued, TranscriptLen=0
2026-08-21T09:53:48.746362 - Poll 7: Status=ringing, TranscriptLen=0
2026-08-21T09:53:48.756514 - Poll 5: Status=ringing, TranscriptLen=0
2026-08-21T09:53:48.773667 - Poll 6: Status=ringing, TranscriptLen=0
2026-08-21T09:53:48.870387 - Poll 4: Status=ringing, TranscriptLen=0
2026-08-21T09:53:48.994647 - Poll 3: Status=queued, TranscriptLen=0
2026-08-21T09:53:48.996646 - Poll 1: Status=queued, TranscriptLen=0
2026-08-21T09:53:49.279244 - Poll 5: Status=ringing, TranscriptLen=0
2026-08-21T09:53:49.478617 - Poll 6: Status=ringing, TranscriptLen=0
2026-08-21T09:53:49.489683 - Poll 2: Status=queued, TranscriptLen=0
2026-08-21T09:53:49.530195 - Poll 4: Status=initiated, TranscriptLen=0
2026-08-21T09:53:49.914315 - Poll 1: Status=queued, TranscriptLen=0
2026-08-21T09:53:50.136564 - Poll 7: Status=in-progress, TranscriptLen=0
2026-08-21T09:53:50.141663 - Poll 3: Status=queued, TranscriptLen=0
2026-08-21T09:53:50.430099 - Poll 2: Status=queued, TranscriptLen=0
2026-08-21T09:53:50.440378 - Poll 5: Status=in-progress, TranscriptLen=0
2026-08-21T09:53:51.057465 - Poll 8: Status=ringing, TranscriptLen=0
2026-08-21T09:53:51.260417 - Poll 8: Status=ringing, TranscriptLen=0
2026-08-21T09:53:51.270533 - Poll 6: Status=ringing, TranscriptLen=0
2026-08-21T09:53:51.270533 - Poll 7: Status=ringing, TranscriptLen=0
2026-08-21T09:53:51.280796 - Poll 3: Status=queued, TranscriptLen=0
2026-08-21T09:53:51.381525 - Poll 5: Status=in-progress, TranscriptLen=0
2026-08-21T09:53:51.442984 - Poll 2: Status=queued, TranscriptLen=0
2026-08-21T09:53:51.453541 - Poll 4: Status=queued, TranscriptLen=0
2026-08-21T09:53:51.634989 - Poll 6: Status=ringing, TranscriptLen=0
2026-08-21T09:53:51.992728 - Poll 5: Status=initiated, TranscriptLen=0
2026-08-21T09:53:52.003027 - Poll 7: Status=ringing, TranscriptLen=0
2026-08-21T09:53:52.003027 - Poll 3: Status=queued, TranscriptLen=0
2026-08-21T09:53:52.317784 - Poll 2: Status=queued, TranscriptLen=0
2026-08-21T09:53:52.541518 - Poll 4: Status=queued, TranscriptLen=0
2026-08-21T09:53:52.551662 - Poll 8: Status=in-progress, TranscriptLen=0
2026-08-21T09:53:52.919586 - Poll 3: Status=queued, TranscriptLen=0
2026-08-21T09:53:52.919586 - Poll 6: Status=call-disconnected, TranscriptLen=156
2026-08-21T09:53:53.635457 - Poll 9: Status=ringing, TranscriptLen=0
2026-08-21T09:53:53.713873 - Poll 9: Status=ringing, TranscriptLen=0
2026-08-21T09:53:53.713873 - Poll 7: Status=ringing, TranscriptLen=0
2026-08-21T09:53:53.720527 - Poll 8: Status=ringing, TranscriptLen=0
2026-08-21T09:53:53.720527 - Poll 4: Status=queued, TranscriptLen=0
2026-08-21T09:53:53.793882 - Poll 6: Status=in-progress, TranscriptLen=0
2026-08-21T09:53:53.837040 - Poll 5: Status=queued, TranscriptLen=0
2026-08-21T09:53:53.874871 - Poll 3: Status=queued, TranscriptLen=0
2026-08-21T09:53:54.018649 - Poll 7: Status=ringing, TranscriptLen=0
2026-08-21T09:53:54.253465 - Poll 4: Status=queued, TranscriptLen=0
2026-08-21T09:53:54.431202 - Poll 8: Status=ringing, TranscriptLen=0
2026-08-21T09:53:54.435704 - Poll 6: Status=initiated, TranscriptLen=0
2026-08-21T09:53:54.443331 - Poll 4: Status=queued, TranscriptLen=0
2026-08-21T09:53:54.713952 - Poll 3: Status=queued, TranscriptLen=0
2026-08-21T09:53:55.030181 - Poll 5: Status=queued, TranscriptLen=0
2026-08-21T09:53:55.113543 - Poll 9: Status=in-progress, TranscriptLen=0
2026-08-21T09:53:55.285441 - Poll 4: Status=queued, TranscriptLen=0
2026-08-21T09:53:55.296322 - Poll 7: Status=call-disconnected, TranscriptLen=156
2026-08-21T09:53:56.046398 - Poll 10: Status=ringing, TranscriptLen=0
2026-08-21T09:53:56.097796 - Poll 10: Status=ringing, TranscriptLen=0
2026-08-21T09:53:56.108893 - Poll 5: Status=queued, TranscriptLen=0
2026-08-21T09:53:56.169187 - Poll 8: Status=ringing, TranscriptLen=0
2026-08-21T09:53:56.183619 - Poll 9: Status=ringing, TranscriptLen=0
2026-08-21T09:53:56.204527 - Poll 7: Status=in-progress, TranscriptLen=0
2026-08-21T09:53:56.286295 - Poll 6: Status=queued, TranscriptLen=0
2026-08-21T09:53:56.378611 - Poll 4: Status=queued, TranscriptLen=0
2026-08-21T09:53:56.569001 - Poll 8: Status=ringing, TranscriptLen=0
2026-08-21T09:53:56.701061 - Poll 5: Status=ringing, TranscriptLen=0
2026-08-21T09:53:56.774089 - Poll 9: Status=ringing, TranscriptLen=0
2026-08-21T09:53:56.778339 - Poll 7: Status=initiated, TranscriptLen=0
2026-08-21T09:53:56.778339 - Poll 5: Status=queued, TranscriptLen=0
2026-08-21T09:53:57.202404 - Poll 4: Status=queued, TranscriptLen=0
2026-08-21T09:53:57.452152 - Poll 6: Status=queued, TranscriptLen=0
2026-08-21T09:53:57.519368 - Poll 10: Status=in-progress, TranscriptLen=0
2026-08-21T09:53:57.652067 - Poll 5: Status=queued, TranscriptLen=0
2026-08-21T09:53:57.736471 - Poll 8: Status=call-disconnected, TranscriptLen=156
2026-08-21T09:53:58.687332 - Poll 6: Status=queued, TranscriptLen=0
2026-08-21T09:53:58.689563 - Poll 9: Status=ringing, TranscriptLen=0
2026-08-21T09:53:58.689563 - Poll 11: Status=ringing, TranscriptLen=0
2026-08-21T09:53:58.699671 - Poll 10: Status=in-progress, TranscriptLen=0
2026-08-21T09:53:58.705610 - Poll 11: Status=ringing, TranscriptLen=0
2026-08-21T09:53:58.759745 - Poll 8: Status=in-progress, TranscriptLen=0
2026-08-21T09:53:58.763586 - Poll 7: Status=queued, TranscriptLen=0
2026-08-21T09:53:58.821453 - Poll 5: Status=queued, TranscriptLen=0
2026-08-21T09:53:58.944173 - Poll 9: Status=ringing, TranscriptLen=0
2026-08-21T09:53:59.092060 - Poll 6: Status=ringing, TranscriptLen=0
2026-08-21T09:53:59.289868 - Poll 10: Status=ringing, TranscriptLen=0
2026-08-21T09:53:59.318983 - Poll 8: Status=initiated, TranscriptLen=0
2026-08-21T09:53:59.322928 - Poll 6: Status=queued, TranscriptLen=0
2026-08-21T09:53:59.653837 - Poll 5: Status=queued, TranscriptLen=0
2026-08-21T09:53:59.825868 - Poll 7: Status=queued, TranscriptLen=0
2026-08-21T09:54:00.044985 - Poll 11: Status=in-progress, TranscriptLen=0
2026-08-21T09:54:00.146341 - Poll 6: Status=queued, TranscriptLen=0
2026-08-21T09:54:00.228701 - Poll 9: Status=call-disconnected, TranscriptLen=156
2026-08-21T09:54:01.157723 - Poll 10: Status=ringing, TranscriptLen=0
2026-08-21T09:54:01.168075 - Poll 12: Status=busy, TranscriptLen=0
2026-08-21T09:54:01.178535 - Poll 11: Status=in-progress, TranscriptLen=0
2026-08-21T09:54:01.178535 - Poll 7: Status=queued, TranscriptLen=0
2026-08-21T09:54:01.195650 - Poll 8: Status=ringing, TranscriptLen=0
2026-08-21T09:54:01.206506 - Poll 9: Status=in-progress, TranscriptLen=0
2026-08-21T09:54:01.273059 - Poll 6: Status=queued, TranscriptLen=0
2026-08-21T09:54:01.379970 - Poll 10: Status=busy, TranscriptLen=0
2026-08-21T09:54:01.799647 - Poll 11: Status=ringing, TranscriptLen=0
2026-08-21T09:54:01.805915 - Poll 7: Status=queued, TranscriptLen=0
2026-08-21T09:54:01.828915 - Poll 7: Status=ringing, TranscriptLen=0
2026-08-21T09:54:01.895137 - Poll 12: Status=ringing, TranscriptLen=0
2026-08-21T09:54:02.006226 - Poll 9: Status=initiated, TranscriptLen=0
2026-08-21T09:54:02.206875 - Poll 6: Status=queued, TranscriptLen=0
2026-08-21T09:54:02.611992 - Poll 7: Status=queued, TranscriptLen=0
2026-08-21T09:54:02.647142 - Poll 8: Status=initiated, TranscriptLen=0
2026-08-21T09:54:02.674556 - Poll 10: Status=call-disconnected, TranscriptLen=156
2026-08-21T09:54:02.836876 - Poll 12: Status=in-progress, TranscriptLen=0
2026-08-21T09:54:03.685552 - Poll 11: Status=ringing, TranscriptLen=0
2026-08-21T09:54:03.753997 - Poll 8: Status=queued, TranscriptLen=0
2026-08-21T09:54:03.804301 - Poll 7: Status=queued, TranscriptLen=0
2026-08-21T09:54:03.804301 - Poll 12: Status=in-progress, TranscriptLen=0
2026-08-21T09:54:03.996100 - Poll 9: Status=ringing, TranscriptLen=0
2026-08-21T09:54:04.064242 - Poll 10: Status=in-progress, TranscriptLen=0
2026-08-21T09:54:04.200978 - Poll 8: Status=queued, TranscriptLen=0
2026-08-21T09:54:04.200978 - Poll 8: Status=ringing, TranscriptLen=0
2026-08-21T09:54:04.221254 - Poll 12: Status=ringing, TranscriptLen=0
2026-08-21T09:54:04.420669 - Poll 13: Status=ringing, TranscriptLen=0
2026-08-21T09:54:04.539941 - Poll 10: Status=initiated, TranscriptLen=0
2026-08-21T09:54:04.662106 - Poll 7: Status=queued, TranscriptLen=0
2026-08-21T09:54:05.043381 - Poll 8: Status=queued, TranscriptLen=0
2026-08-21T09:54:05.044774 - Poll 9: Status=ringing, TranscriptLen=0
2026-08-21T09:54:05.239460 - Poll 11: Status=call-disconnected, TranscriptLen=156
2026-08-21T09:54:05.329357 - Poll 13: Status=call-disconnected, TranscriptLen=267
2026-08-21T09:54:06.111486 - Poll 12: Status=ringing, TranscriptLen=0
2026-08-21T09:54:06.180354 - Poll 13: Status=in-progress, TranscriptLen=0
2026-08-21T09:54:06.209539 - Poll 8: Status=queued, TranscriptLen=0
2026-08-21T09:54:06.220275 - Poll 9: Status=ringing, TranscriptLen=0
2026-08-21T09:54:06.389326 - Poll 10: Status=ringing, TranscriptLen=0
2026-08-21T09:54:06.502356 - Poll 11: Status=in-progress, TranscriptLen=0
2026-08-21T09:54:06.706666 - Poll 13: Status=ringing, TranscriptLen=0
2026-08-21T09:54:06.714410 - Poll 9: Status=queued, TranscriptLen=0
2026-08-21T09:54:06.718060 - Poll 9: Status=ringing, TranscriptLen=0
2026-08-21T09:54:06.840723 - Poll 14: Status=ringing, TranscriptLen=0
2026-08-21T09:54:06.909358 - Poll 11: Status=initiated, TranscriptLen=0
2026-08-21T09:54:07.058816 - Poll 8: Status=queued, TranscriptLen=0
2026-08-21T09:54:07.519134 - Poll 10: Status=ringing, TranscriptLen=0
2026-08-21T09:54:07.578102 - Poll 9: Status=queued, TranscriptLen=0
2026-08-21T09:54:07.677462 - Poll 12: Status=completed, TranscriptLen=156
2026-08-21T09:54:07.749482 - Poll 14: Status=call-disconnected, TranscriptLen=267
2026-08-21T09:54:08.571848 - Poll 13: Status=ringing, TranscriptLen=0
2026-08-21T09:54:08.571848 - Poll 14: Status=in-progress, TranscriptLen=0
2026-08-21T09:54:08.677571 - Poll 9: Status=queued, TranscriptLen=0
2026-08-21T09:54:08.698918 - Poll 10: Status=ringing, TranscriptLen=0
2026-08-21T09:54:08.880144 - Poll 11: Status=ringing, TranscriptLen=0
2026-08-21T09:54:08.974181 - Poll 12: Status=in-progress, TranscriptLen=0
2026-08-21T09:54:09.094601 - Poll 10: Status=ringing, TranscriptLen=0
2026-08-21T09:54:09.115029 - Poll 14: Status=ringing, TranscriptLen=0
2026-08-21T09:54:09.126635 - Poll 10: Status=queued, TranscriptLen=0
2026-08-21T09:54:09.238208 - Poll 15: Status=ringing, TranscriptLen=0
2026-08-21T09:54:09.306265 - Poll 12: Status=initiated, TranscriptLen=0
2026-08-21T09:54:09.614432 - Poll 9: Status=queued, TranscriptLen=0
2026-08-21T09:54:09.935801 - Poll 11: Status=ringing, TranscriptLen=0
2026-08-21T09:54:09.956977 - Poll 10: Status=queued, TranscriptLen=0
2026-08-21T09:54:10.147102 - Poll 15: Status=call-disconnected, TranscriptLen=267
2026-08-21T09:54:11.073262 - Poll 15: Status=in-progress, TranscriptLen=0
2026-08-21T09:54:11.097560 - Poll 14: Status=ringing, TranscriptLen=0
2026-08-21T09:54:11.166052 - Poll 10: Status=queued, TranscriptLen=0
2026-08-21T09:54:11.202385 - Poll 11: Status=ringing, TranscriptLen=0
2026-08-21T09:54:11.292407 - Poll 12: Status=ringing, TranscriptLen=0
2026-08-21T09:54:11.360588 - Poll 13: Status=in-progress, TranscriptLen=0
2026-08-21T09:54:11.499829 - Poll 11: Status=initiated, TranscriptLen=0
2026-08-21T09:54:11.502949 - Poll 11: Status=busy, TranscriptLen=0
2026-08-21T09:54:11.502949 - Poll 15: Status=ringing, TranscriptLen=0
2026-08-21T09:54:11.616151 - Poll 16: Status=ringing, TranscriptLen=0
2026-08-21T09:54:11.805725 - Poll 13: Status=initiated, TranscriptLen=0
2026-08-21T09:54:12.055078 - Poll 10: Status=queued, TranscriptLen=0
2026-08-21T09:54:12.437521 - Poll 11: Status=queued, TranscriptLen=0
2026-08-21T09:54:12.439540 - Poll 12: Status=ringing, TranscriptLen=0
2026-08-21T09:54:12.631927 - Poll 16: Status=call-disconnected, TranscriptLen=267
2026-08-21T09:54:13.538281 - Poll 15: Status=ringing, TranscriptLen=0
2026-08-21T09:54:13.538281 - Poll 16: Status=in-progress, TranscriptLen=0
2026-08-21T09:54:13.548644 - Poll 11: Status=queued, TranscriptLen=0
2026-08-21T09:54:13.568835 - Poll 12: Status=ringing, TranscriptLen=0
2026-08-21T09:54:13.693846 - Poll 13: Status=ringing, TranscriptLen=0
2026-08-21T09:54:13.807277 - Poll 14: Status=in-progress, TranscriptLen=0
2026-08-21T09:54:14.007687 - Poll 16: Status=busy, TranscriptLen=0
2026-08-21T09:54:14.019965 - Poll 12: Status=ringing, TranscriptLen=0
2026-08-21T09:54:14.089466 - Poll 17: Status=ringing, TranscriptLen=0
2026-08-21T09:54:14.198242 - Poll 14: Status=initiated, TranscriptLen=0
2026-08-21T09:54:14.445381 - Poll 11: Status=queued, TranscriptLen=0
2026-08-21T09:54:14.871039 - Poll 13: Status=ringing, TranscriptLen=0
2026-08-21T09:54:14.871039 - Poll 12: Status=ringing, TranscriptLen=0
2026-08-21T09:54:14.989427 - Poll 17: Status=call-disconnected, TranscriptLen=267
2026-08-21T09:54:15.918292 - Poll 16: Status=ringing, TranscriptLen=0
2026-08-21T09:54:15.978987 - Poll 12: Status=queued, TranscriptLen=0
2026-08-21T09:54:15.983374 - Poll 17: Status=in-progress, TranscriptLen=0
2026-08-21T09:54:15.986075 - Poll 13: Status=ringing, TranscriptLen=0
2026-08-21T09:54:16.181335 - Poll 14: Status=ringing, TranscriptLen=0
2026-08-21T09:54:16.267318 - Poll 15: Status=in-progress, TranscriptLen=0
2026-08-21T09:54:16.392702 - Poll 13: Status=ringing, TranscriptLen=0
2026-08-21T09:54:16.464863 - Poll 18: Status=ringing, TranscriptLen=0
2026-08-21T09:54:16.607259 - Poll 15: Status=initiated, TranscriptLen=0
2026-08-21T09:54:16.916887 - Poll 12: Status=queued, TranscriptLen=0
2026-08-21T09:54:17.233705 - Poll 14: Status=ringing, TranscriptLen=0
2026-08-21T09:54:17.243893 - Poll 13: Status=ringing, TranscriptLen=0
2026-08-21T09:54:17.354758 - Poll 18: Status=call-disconnected, TranscriptLen=267
2026-08-21T09:54:18.537928 - Poll 14: Status=ringing, TranscriptLen=0
2026-08-21T09:54:18.550290 - Poll 13: Status=initiated, TranscriptLen=0
2026-08-21T09:54:18.553775 - Poll 18: Status=call-disconnected, TranscriptLen=282
2026-08-21T09:54:18.561402 - Poll 17: Status=ringing, TranscriptLen=0
2026-08-21T09:54:18.643550 - Poll 15: Status=ringing, TranscriptLen=0
2026-08-21T09:54:18.694310 - Poll 16: Status=in-progress, TranscriptLen=0
2026-08-21T09:54:18.797763 - Poll 14: Status=ringing, TranscriptLen=0
2026-08-21T09:54:18.898392 - Poll 19: Status=ringing, TranscriptLen=0
2026-08-21T09:54:19.110549 - Poll 16: Status=ringing, TranscriptLen=0
2026-08-21T09:54:19.333004 - Poll 13: Status=queued, TranscriptLen=0
2026-08-21T09:54:19.747751 - Poll 14: Status=ringing, TranscriptLen=0
2026-08-21T09:54:19.751505 - Poll 15: Status=in-progress, TranscriptLen=0
2026-08-21T09:54:19.853487 - Poll 19: Status=call-disconnected, TranscriptLen=267
2026-08-21T09:54:20.993394 - Poll 19: Status=call-disconnected, TranscriptLen=282
2026-08-21T09:54:21.003191 - Poll 15: Status=ringing, TranscriptLen=0
2026-08-21T09:54:21.003191 - Poll 14: Status=ringing, TranscriptLen=0
2026-08-21T09:54:21.003191 - Poll 18: Status=no-answer, TranscriptLen=0
2026-08-21T09:54:21.088669 - Poll 16: Status=ringing, TranscriptLen=0
2026-08-21T09:54:21.221532 - Poll 17: Status=in-progress, TranscriptLen=0
2026-08-21T09:54:21.287325 - Poll 15: Status=ringing, TranscriptLen=0
2026-08-21T09:54:21.387868 - Poll 20: Status=ringing, TranscriptLen=0
2026-08-21T09:54:21.490760 - Poll 17: Status=ringing, TranscriptLen=0
2026-08-21T09:54:21.733565 - Poll 14: Status=ringing, TranscriptLen=0
2026-08-21T09:54:22.164556 - Poll 15: Status=ringing, TranscriptLen=0
2026-08-21T09:54:22.176270 - Poll 16: Status=in-progress, TranscriptLen=0
2026-08-21T09:54:22.232704 - Poll 20: Status=completed, TranscriptLen=267
2026-08-21T09:54:23.565538 - Poll 16: Status=ringing, TranscriptLen=0
2026-08-21T09:54:23.573497 - Poll 15: Status=ringing, TranscriptLen=0
2026-08-21T09:54:23.583990 - Poll 17: Status=ringing, TranscriptLen=0
2026-08-21T09:54:23.594195 - Poll 20: Status=completed, TranscriptLen=282
2026-08-21T09:54:23.636662 - Poll 18: Status=in-progress, TranscriptLen=0
2026-08-21T09:54:23.677491 - Poll 16: Status=ringing, TranscriptLen=0
2026-08-21T09:54:23.757133 - Poll 21: Status=ringing, TranscriptLen=0
2026-08-21T09:54:23.904551 - Poll 18: Status=in-progress, TranscriptLen=0
2026-08-21T09:54:24.234125 - Poll 15: Status=ringing, TranscriptLen=0
2026-08-21T09:54:24.567979 - Poll 16: Status=ringing, TranscriptLen=0
2026-08-21T09:54:24.637517 - Poll 17: Status=in-progress, TranscriptLen=0
2026-08-21T09:54:25.955284 - Poll 18: Status=ringing, TranscriptLen=0
2026-08-21T09:54:25.993153 - Poll 16: Status=ringing, TranscriptLen=0
2026-08-21T09:54:26.014374 - Poll 19: Status=in-progress, TranscriptLen=0
2026-08-21T09:54:26.024511 - Poll 17: Status=ringing, TranscriptLen=0
2026-08-21T09:54:26.090756 - Poll 17: Status=ringing, TranscriptLen=0
2026-08-21T09:54:26.138865 - Poll 22: Status=no-answer, TranscriptLen=0
2026-08-21T09:54:26.404081 - Poll 19: Status=in-progress, TranscriptLen=0
2026-08-21T09:54:26.615115 - Poll 16: Status=ringing, TranscriptLen=0
2026-08-21T09:54:27.108563 - Poll 17: Status=ringing, TranscriptLen=0
2026-08-21T09:54:27.139821 - Poll 18: Status=call-disconnected, TranscriptLen=156
2026-08-21T09:54:28.409304 - Poll 17: Status=ringing, TranscriptLen=0
2026-08-21T09:54:28.420373 - Poll 20: Status=in-progress, TranscriptLen=0
2026-08-21T09:54:28.423902 - Poll 18: Status=ringing, TranscriptLen=0
2026-08-21T09:54:28.423902 - Poll 19: Status=ringing, TranscriptLen=0
2026-08-21T09:54:28.601236 - Poll 18: Status=ringing, TranscriptLen=0
2026-08-21T09:54:28.823072 - Poll 20: Status=in-progress, TranscriptLen=0
2026-08-21T09:54:29.015861 - Poll 17: Status=ringing, TranscriptLen=0
2026-08-21T09:54:29.533326 - Poll 19: Status=call-disconnected, TranscriptLen=156
2026-08-21T09:54:29.555196 - Poll 18: Status=ringing, TranscriptLen=0
2026-08-21T09:54:30.915018 - Poll 21: Status=in-progress, TranscriptLen=0
2026-08-21T09:54:30.946988 - Poll 18: Status=ringing, TranscriptLen=0
2026-08-21T09:54:30.962470 - Poll 20: Status=ringing, TranscriptLen=0
2026-08-21T09:54:30.967511 - Poll 19: Status=ringing, TranscriptLen=0
2026-08-21T09:54:31.034871 - Poll 19: Status=in-progress, TranscriptLen=0
2026-08-21T09:54:31.224971 - Poll 21: Status=in-progress, TranscriptLen=0
2026-08-21T09:54:31.535614 - Poll 18: Status=ringing, TranscriptLen=0
2026-08-21T09:54:31.949902 - Poll 20: Status=call-disconnected, TranscriptLen=156
2026-08-21T09:54:31.961652 - Poll 19: Status=ringing, TranscriptLen=0
2026-08-21T09:54:33.398456 - Poll 22: Status=in-progress, TranscriptLen=0
2026-08-21T09:54:33.398968 - Poll 21: Status=ringing, TranscriptLen=0
2026-08-21T09:54:33.398968 - Poll 19: Status=ringing, TranscriptLen=0
2026-08-21T09:54:33.398968 - Poll 20: Status=ringing, TranscriptLen=0
2026-08-21T09:54:33.424855 - Poll 20: Status=in-progress, TranscriptLen=0
2026-08-21T09:54:33.724198 - Poll 22: Status=in-progress, TranscriptLen=0
2026-08-21T09:54:33.935873 - Poll 19: Status=ringing, TranscriptLen=0
2026-08-21T09:54:34.439149 - Poll 21: Status=call-disconnected, TranscriptLen=156
2026-08-21T09:54:34.449841 - Poll 20: Status=ringing, TranscriptLen=0
2026-08-21T09:54:35.905847 - Poll 21: Status=in-progress, TranscriptLen=0
2026-08-21T09:54:35.911078 - Poll 21: Status=ringing, TranscriptLen=0
2026-08-21T09:54:35.911078 - Poll 22: Status=ringing, TranscriptLen=0
2026-08-21T09:54:35.911078 - Poll 20: Status=ringing, TranscriptLen=0
2026-08-21T09:54:35.911078 - Poll 23: Status=in-progress, TranscriptLen=0
2026-08-21T09:54:36.136285 - Poll 23: Status=in-progress, TranscriptLen=0
2026-08-21T09:54:36.316061 - Poll 20: Status=ringing, TranscriptLen=0
2026-08-21T09:54:36.841384 - Poll 21: Status=ringing, TranscriptLen=0
2026-08-21T09:54:36.847485 - Poll 22: Status=call-disconnected, TranscriptLen=156
2026-08-21T09:54:38.367123 - Poll 22: Status=ringing, TranscriptLen=0
2026-08-21T09:54:38.371546 - Poll 21: Status=in-progress, TranscriptLen=0
2026-08-21T09:54:38.375773 - Poll 23: Status=ringing, TranscriptLen=0
2026-08-21T09:54:38.375773 - Poll 22: Status=in-progress, TranscriptLen=0
2026-08-21T09:54:38.375773 - Poll 24: Status=in-progress, TranscriptLen=0
2026-08-21T09:54:38.658973 - Poll 24: Status=in-progress, TranscriptLen=0
2026-08-21T09:54:38.777142 - Poll 21: Status=ringing, TranscriptLen=0
2026-08-21T09:54:39.383227 - Poll 22: Status=ringing, TranscriptLen=0
2026-08-21T09:54:39.403469 - Poll 23: Status=call-disconnected, TranscriptLen=156
2026-08-21T09:54:40.835913 - Poll 24: Status=ringing, TranscriptLen=0
2026-08-21T09:54:40.846157 - Poll 23: Status=call-disconnected, TranscriptLen=156
2026-08-21T09:54:40.846157 - Poll 25: Status=in-progress, TranscriptLen=0
2026-08-21T09:54:40.846157 - Poll 23: Status=ringing, TranscriptLen=0
2026-08-21T09:54:40.856665 - Poll 22: Status=in-progress, TranscriptLen=0
2026-08-21T09:54:41.055581 - Poll 25: Status=in-progress, TranscriptLen=0
2026-08-21T09:54:41.183154 - Poll 22: Status=busy, TranscriptLen=0
2026-08-21T09:54:41.786856 - Poll 23: Status=ringing, TranscriptLen=0
2026-08-21T09:54:41.807360 - Poll 24: Status=completed, TranscriptLen=156
2026-08-21T09:54:43.273786 - Poll 23: Status=in-progress, TranscriptLen=156
2026-08-21T09:54:43.287617 - Poll 26: Status=in-progress, TranscriptLen=0
2026-08-21T09:54:43.287617 - Poll 24: Status=ringing, TranscriptLen=0
2026-08-21T09:54:43.287617 - Poll 24: Status=call-disconnected, TranscriptLen=156
2026-08-21T09:54:43.297773 - Poll 25: Status=ringing, TranscriptLen=0
2026-08-21T09:54:43.576235 - Poll 26: Status=in-progress, TranscriptLen=0
2026-08-21T09:54:44.201169 - Poll 24: Status=ringing, TranscriptLen=0
2026-08-21T09:54:45.765998 - Poll 26: Status=ringing, TranscriptLen=0
2026-08-21T09:54:45.784160 - Poll 24: Status=call-disconnected, TranscriptLen=156
2026-08-21T09:54:45.790058 - Poll 27: Status=in-progress, TranscriptLen=0
2026-08-21T09:54:45.792109 - Poll 25: Status=ringing, TranscriptLen=0
2026-08-21T09:54:45.794118 - Poll 25: Status=call-disconnected, TranscriptLen=156
2026-08-21T09:54:46.024921 - Poll 27: Status=in-progress, TranscriptLen=0
2026-08-21T09:54:46.726505 - Poll 25: Status=busy, TranscriptLen=0
2026-08-21T09:54:48.266113 - Poll 28: Status=in-progress, TranscriptLen=0
2026-08-21T09:54:48.273175 - Poll 27: Status=no-answer, TranscriptLen=0
2026-08-21T09:54:48.276631 - Poll 25: Status=call-disconnected, TranscriptLen=156
2026-08-21T09:54:48.277200 - Poll 26: Status=ringing, TranscriptLen=0
2026-08-21T09:54:48.281458 - Poll 26: Status=call-disconnected, TranscriptLen=156
2026-08-21T09:54:48.473299 - Poll 28: Status=in-progress, TranscriptLen=0
2026-08-21T09:54:50.665267 - Poll 27: Status=call-disconnected, TranscriptLen=156
2026-08-21T09:54:50.668529 - Poll 29: Status=in-progress, TranscriptLen=0
2026-08-21T09:54:50.705446 - Poll 27: Status=ringing, TranscriptLen=0
2026-08-21T09:54:50.762070 - Poll 26: Status=call-disconnected, TranscriptLen=156
2026-08-21T09:54:50.975511 - Poll 29: Status=in-progress, TranscriptLen=0
2026-08-21T09:54:53.176924 - Poll 28: Status=call-disconnected, TranscriptLen=156
2026-08-21T09:54:53.180164 - Poll 30: Status=in-progress, TranscriptLen=0
2026-08-21T09:54:53.307851 - Poll 28: Status=ringing, TranscriptLen=0
2026-08-21T09:54:53.315755 - Poll 27: Status=call-disconnected, TranscriptLen=156
2026-08-21T09:54:53.402928 - Poll 30: Status=call-disconnected, TranscriptLen=156
2026-08-21T09:54:55.558826 - Poll 29: Status=completed, TranscriptLen=156
2026-08-21T09:54:55.590439 - Poll 31: Status=in-progress, TranscriptLen=0
2026-08-21T09:54:55.674611 - Poll 29: Status=ringing, TranscriptLen=0
2026-08-21T09:54:55.695234 - Poll 28: Status=call-disconnected, TranscriptLen=156
2026-08-21T09:54:55.805891 - Poll 31: Status=completed, TranscriptLen=156
2026-08-21T09:54:58.070254 - Poll 32: Status=in-progress, TranscriptLen=0
2026-08-21T09:54:58.169499 - Poll 29: Status=call-disconnected, TranscriptLen=156
2026-08-21T09:54:58.179676 - Poll 30: Status=ringing, TranscriptLen=0
2026-08-21T09:55:00.594649 - Poll 33: Status=in-progress, TranscriptLen=0
2026-08-21T09:55:00.605003 - Poll 30: Status=completed, TranscriptLen=156
2026-08-21T09:55:00.621179 - Poll 31: Status=ringing, TranscriptLen=0
2026-08-21T09:55:02.993420 - Poll 32: Status=no-answer, TranscriptLen=0
2026-08-21T09:55:03.068617 - Poll 34: Status=in-progress, TranscriptLen=0
2026-08-21T09:55:05.663639 - Poll 35: Status=in-progress, TranscriptLen=0
2026-08-21T09:55:08.114418 - Poll 36: Status=in-progress, TranscriptLen=0
2026-08-21T09:55:10.675622 - Poll 37: Status=in-progress, TranscriptLen=0
2026-08-21T09:55:13.125268 - Poll 38: Status=in-progress, TranscriptLen=0
2026-08-21T09:55:15.605487 - Poll 39: Status=in-progress, TranscriptLen=0
2026-08-21T09:55:18.091226 - Poll 40: Status=in-progress, TranscriptLen=0
2026-08-21T09:55:20.588824 - Poll 41: Status=in-progress, TranscriptLen=0
2026-08-21T09:55:23.102752 - Poll 42: Status=in-progress, TranscriptLen=0
2026-08-21T09:55:25.557544 - Poll 43: Status=in-progress, TranscriptLen=0
2026-08-21T09:55:27.992137 - Poll 44: Status=in-progress, TranscriptLen=0
2026-08-21T09:55:30.545380 - Poll 45: Status=in-progress, TranscriptLen=0
2026-08-21T09:55:32.994325 - Poll 46: Status=in-progress, TranscriptLen=0
2026-08-21T09:55:35.595460 - Poll 47: Status=call-disconnected, TranscriptLen=1278
2026-08-21T09:55:39.052450 - Poll 48: Status=call-disconnected, TranscriptLen=1278
2026-08-21T09:55:44.603486 - Poll 49: Status=call-disconnected, TranscriptLen=1278
2026-08-21T09:55:47.100306 - Poll 50: Status=call-disconnected, TranscriptLen=1278
2026-08-21T09:55:49.591534 - Poll 51: Status=call-disconnected, TranscriptLen=1278
2026-08-21T09:55:52.015207 - Poll 52: Status=call-disconnected, TranscriptLen=1278
2026-08-21T09:55:54.672277 - Poll 53: Status=completed, TranscriptLen=1278
2026-08-21T10:01:13.915435 - Starting polling fallback for Execution 270854b7-5e60-4fbf-8fe7-007a51ba33e0 (Lead: call_1787306472958)
2026-08-21T10:01:16.331682 - Poll 0: Status=ringing, TranscriptLen=0
2026-08-21T10:01:23.779060 - Poll 1: Status=in-progress, TranscriptLen=0
2026-08-21T10:01:26.317449 - Poll 2: Status=in-progress, TranscriptLen=0
2026-08-21T10:01:28.938529 - Poll 3: Status=in-progress, TranscriptLen=0
2026-08-21T10:01:31.482900 - Poll 4: Status=in-progress, TranscriptLen=0
2026-08-21T10:01:34.020879 - Poll 5: Status=in-progress, TranscriptLen=0
2026-08-21T10:01:36.492336 - Poll 6: Status=in-progress, TranscriptLen=0
2026-08-21T10:01:39.046429 - Poll 7: Status=in-progress, TranscriptLen=0
2026-08-21T10:01:41.533185 - Poll 8: Status=in-progress, TranscriptLen=0
2026-08-21T10:01:44.047024 - Poll 9: Status=call-disconnected, TranscriptLen=275
2026-08-21T10:01:46.464572 - Poll 10: Status=call-disconnected, TranscriptLen=275
2026-08-21T10:02:17.741684 - Poll 11: Status=completed, TranscriptLen=275
2026-08-21T10:02:29.595015 - Starting polling fallback for Execution cbe17a02-2bbc-47d1-925e-a033e51b91c3 (Lead: call_1787306548543)
2026-08-21T10:02:32.127888 - Poll 0: Status=ringing, TranscriptLen=0
2026-08-21T10:02:34.738150 - Poll 1: Status=ringing, TranscriptLen=0
2026-08-21T10:03:00.871594 - Poll 2: Status=in-progress, TranscriptLen=0
2026-08-21T10:03:03.479963 - Poll 3: Status=in-progress, TranscriptLen=0
2026-08-21T10:03:05.925826 - Poll 4: Status=in-progress, TranscriptLen=0
2026-08-21T10:03:08.492983 - Poll 5: Status=in-progress, TranscriptLen=0
2026-08-21T10:03:10.986318 - Poll 6: Status=in-progress, TranscriptLen=0
2026-08-21T10:03:13.469959 - Poll 7: Status=call-disconnected, TranscriptLen=483
2026-08-21T10:03:15.959306 - Poll 8: Status=call-disconnected, TranscriptLen=483
2026-08-21T10:03:18.419504 - Poll 9: Status=call-disconnected, TranscriptLen=483
2026-08-21T10:03:20.809105 - Poll 10: Status=call-disconnected, TranscriptLen=483
2026-08-21T10:03:23.218950 - Poll 11: Status=call-disconnected, TranscriptLen=483
2026-08-21T10:03:25.641905 - Poll 12: Status=call-disconnected, TranscriptLen=483
2026-08-21T10:03:28.057295 - Poll 13: Status=call-disconnected, TranscriptLen=483
2026-08-21T10:03:30.525540 - Poll 14: Status=completed, TranscriptLen=483
2026-08-21T10:09:11.073545 - Starting polling fallback for Execution ae65811d-e790-4829-bc09-650fba9205a4 (Lead: call_1787306950137)
2026-08-21T10:09:13.470335 - Poll 0: Status=ringing, TranscriptLen=0
2026-08-21T10:09:16.010191 - Poll 1: Status=ringing, TranscriptLen=0
2026-08-21T10:09:18.486839 - Poll 2: Status=in-progress, TranscriptLen=0
2026-08-21T10:09:21.019398 - Poll 3: Status=in-progress, TranscriptLen=0
2026-08-21T10:09:23.494295 - Poll 4: Status=in-progress, TranscriptLen=0
2026-08-21T10:09:26.013409 - Poll 5: Status=in-progress, TranscriptLen=0
2026-08-21T10:09:28.539349 - Poll 6: Status=in-progress, TranscriptLen=0
2026-08-21T10:09:31.058033 - Poll 7: Status=in-progress, TranscriptLen=0
2026-08-21T10:09:33.535282 - Poll 8: Status=in-progress, TranscriptLen=0
2026-08-21T10:09:36.091983 - Poll 9: Status=in-progress, TranscriptLen=0
2026-08-21T10:09:38.584982 - Poll 10: Status=in-progress, TranscriptLen=0
2026-08-21T10:09:41.074763 - Poll 11: Status=in-progress, TranscriptLen=0
2026-08-21T10:09:43.576553 - Poll 12: Status=in-progress, TranscriptLen=0
2026-08-21T10:09:46.038898 - Poll 13: Status=in-progress, TranscriptLen=0
2026-08-21T10:09:48.484840 - Poll 14: Status=in-progress, TranscriptLen=0
2026-08-21T10:09:51.029061 - Poll 15: Status=in-progress, TranscriptLen=0
2026-08-21T10:09:53.758418 - Poll 16: Status=in-progress, TranscriptLen=0
2026-08-21T10:09:56.295742 - Poll 17: Status=in-progress, TranscriptLen=0
2026-08-21T10:09:58.777881 - Poll 18: Status=in-progress, TranscriptLen=0
2026-08-21T10:10:01.333845 - Poll 19: Status=in-progress, TranscriptLen=0
2026-08-21T10:10:03.866851 - Poll 20: Status=in-progress, TranscriptLen=0
2026-08-21T10:10:06.408587 - Poll 21: Status=in-progress, TranscriptLen=0
2026-08-21T10:10:08.890460 - Poll 22: Status=in-progress, TranscriptLen=0
2026-08-21T10:10:11.389836 - Poll 23: Status=in-progress, TranscriptLen=0
2026-08-21T10:10:19.174368 - Poll 24: Status=in-progress, TranscriptLen=0
2026-08-21T10:10:21.652252 - Poll 25: Status=in-progress, TranscriptLen=0
2026-08-21T10:10:24.555742 - Poll 26: Status=in-progress, TranscriptLen=0
2026-08-21T10:10:27.047527 - Poll 27: Status=in-progress, TranscriptLen=0
2026-08-21T10:10:29.555548 - Poll 28: Status=in-progress, TranscriptLen=0
2026-08-21T10:10:32.067077 - Poll 29: Status=in-progress, TranscriptLen=0
2026-08-21T10:10:34.670069 - Poll 30: Status=call-disconnected, TranscriptLen=1026
2026-08-21T10:10:37.117023 - Poll 31: Status=call-disconnected, TranscriptLen=1026
2026-08-21T10:10:39.555351 - Poll 32: Status=call-disconnected, TranscriptLen=1026
2026-08-21T10:10:41.958737 - Poll 33: Status=call-disconnected, TranscriptLen=1026
2026-08-21T10:10:48.819753 - Poll 34: Status=call-disconnected, TranscriptLen=1026
2026-08-21T10:10:51.248886 - Poll 35: Status=call-disconnected, TranscriptLen=1026
2026-08-21T10:10:58.878847 - Poll 36: Status=completed, TranscriptLen=1026
2026-08-21T10:15:40.065454 - Starting polling fallback for Execution c14a979e-b9b5-4863-94f7-d836ff386be8 (Lead: call_1787307339083)
2026-08-21T10:15:42.474291 - Poll 0: Status=queued, TranscriptLen=0
2026-08-21T10:15:50.915794 - Poll 1: Status=ringing, TranscriptLen=0
2026-08-21T10:15:53.441597 - Poll 2: Status=ringing, TranscriptLen=0
2026-08-21T10:16:00.157597 - Poll 3: Status=in-progress, TranscriptLen=0
2026-08-21T10:16:03.214702 - Poll 4: Status=in-progress, TranscriptLen=0
2026-08-21T10:16:05.807164 - Poll 5: Status=in-progress, TranscriptLen=0
2026-08-21T10:16:08.279797 - Poll 6: Status=in-progress, TranscriptLen=0
2026-08-21T10:16:10.816806 - Poll 7: Status=in-progress, TranscriptLen=0
2026-08-21T10:16:13.372833 - Poll 8: Status=in-progress, TranscriptLen=0
2026-08-21T10:16:15.938678 - Poll 9: Status=in-progress, TranscriptLen=0
2026-08-21T10:16:18.347532 - Poll 10: Status=call-disconnected, TranscriptLen=306
2026-08-21T10:16:20.846290 - Poll 11: Status=call-disconnected, TranscriptLen=306
2026-08-21T10:16:23.307172 - Poll 12: Status=call-disconnected, TranscriptLen=306
2026-08-21T10:16:25.989736 - Poll 13: Status=call-disconnected, TranscriptLen=306
2026-08-21T10:16:27.483650 - Starting polling fallback for Execution 664a4463-47cb-473f-95cc-4c6fffce13c9 (Lead: call_1787307386476)
2026-08-21T10:16:28.513284 - Poll 14: Status=call-disconnected, TranscriptLen=306
2026-08-21T10:16:29.924051 - Poll 0: Status=ringing, TranscriptLen=0
2026-08-21T10:16:31.130375 - Poll 15: Status=call-disconnected, TranscriptLen=306
2026-08-21T10:16:32.410137 - Poll 1: Status=ringing, TranscriptLen=0
2026-08-21T10:16:33.852767 - Poll 16: Status=completed, TranscriptLen=306
2026-08-21T10:17:00.848656 - Poll 2: Status=in-progress, TranscriptLen=0
2026-08-21T10:17:03.411537 - Poll 3: Status=in-progress, TranscriptLen=0
2026-08-21T10:17:05.925276 - Poll 4: Status=in-progress, TranscriptLen=0
2026-08-21T10:17:08.539661 - Poll 5: Status=in-progress, TranscriptLen=0
2026-08-21T10:17:11.044628 - Poll 6: Status=in-progress, TranscriptLen=0
2026-08-21T10:17:13.613926 - Poll 7: Status=in-progress, TranscriptLen=0
2026-08-21T10:17:16.128581 - Poll 8: Status=in-progress, TranscriptLen=0
2026-08-21T10:17:18.772213 - Poll 9: Status=in-progress, TranscriptLen=0
2026-08-21T10:17:21.280249 - Poll 10: Status=in-progress, TranscriptLen=0
2026-08-21T10:17:24.003561 - Poll 11: Status=in-progress, TranscriptLen=0
2026-08-21T10:17:26.495789 - Poll 12: Status=in-progress, TranscriptLen=0
2026-08-21T10:17:29.093447 - Poll 13: Status=in-progress, TranscriptLen=0
2026-08-21T10:17:31.580958 - Poll 14: Status=in-progress, TranscriptLen=0
2026-08-21T10:17:34.250618 - Poll 15: Status=in-progress, TranscriptLen=0
2026-08-21T10:17:36.766923 - Poll 16: Status=in-progress, TranscriptLen=0
2026-08-21T10:17:39.401139 - Poll 17: Status=in-progress, TranscriptLen=0
2026-08-21T10:17:41.930660 - Poll 18: Status=in-progress, TranscriptLen=0
2026-08-21T10:17:44.572363 - Poll 19: Status=in-progress, TranscriptLen=0
2026-08-21T10:17:47.130628 - Poll 20: Status=in-progress, TranscriptLen=0
2026-08-21T10:17:49.770938 - Poll 21: Status=in-progress, TranscriptLen=0
2026-08-21T10:17:52.327209 - Poll 22: Status=in-progress, TranscriptLen=0
2026-08-21T10:17:54.803091 - Poll 23: Status=call-disconnected, TranscriptLen=1034
2026-08-21T10:17:57.252375 - Poll 24: Status=call-disconnected, TranscriptLen=1034
2026-08-21T10:17:59.723597 - Poll 25: Status=call-disconnected, TranscriptLen=1034
2026-08-21T10:18:02.815304 - Poll 26: Status=call-disconnected, TranscriptLen=1034
2026-08-21T10:18:11.464649 - Poll 27: Status=call-disconnected, TranscriptLen=1034
2026-08-21T10:18:13.872001 - Poll 28: Status=call-disconnected, TranscriptLen=1034
2026-08-21T10:18:16.460809 - Poll 29: Status=call-disconnected, TranscriptLen=1034
2026-08-21T10:18:18.960906 - Poll 30: Status=call-disconnected, TranscriptLen=1034
2026-08-21T10:18:21.454009 - Poll 31: Status=call-disconnected, TranscriptLen=1034
2026-08-21T10:18:23.942627 - Poll 32: Status=call-disconnected, TranscriptLen=1034
2026-08-21T10:18:26.402693 - Poll 33: Status=call-disconnected, TranscriptLen=1034
2026-08-21T10:18:28.887648 - Poll 34: Status=call-disconnected, TranscriptLen=1034
2026-08-21T10:18:31.366176 - Poll 35: Status=call-disconnected, TranscriptLen=1034
2026-08-21T10:18:33.909264 - Poll 36: Status=call-disconnected, TranscriptLen=1034
2026-08-21T10:18:36.446312 - Poll 37: Status=call-disconnected, TranscriptLen=1034
2026-08-21T10:18:38.918274 - Poll 38: Status=call-disconnected, TranscriptLen=1034
2026-08-21T10:18:41.535502 - Poll 39: Status=call-disconnected, TranscriptLen=1034
2026-08-21T10:18:43.982924 - Poll 40: Status=call-disconnected, TranscriptLen=1034
2026-08-21T10:18:46.565127 - Poll 41: Status=call-disconnected, TranscriptLen=1034
2026-08-21T10:18:49.003854 - Poll 42: Status=call-disconnected, TranscriptLen=1034
2026-08-21T10:18:51.718306 - Poll 43: Status=call-disconnected, TranscriptLen=1034
2026-08-21T10:18:54.118059 - Poll 44: Status=call-disconnected, TranscriptLen=1034
2026-08-21T10:18:56.732246 - Poll 45: Status=call-disconnected, TranscriptLen=1034
2026-08-21T10:18:59.132345 - Poll 46: Status=completed, TranscriptLen=1034
2026-08-21T12:02:50.413376 - Starting polling fallback for Execution 57e7d99f-163c-4956-9bda-5b869e685290 (Lead: call_1787313769156)
2026-08-21T12:02:52.874913 - Poll 0: Status=ringing, TranscriptLen=0
2026-08-21T12:02:55.480404 - Poll 1: Status=ringing, TranscriptLen=0
2026-08-21T12:02:58.000242 - Poll 2: Status=ringing, TranscriptLen=0
2026-08-21T12:03:00.618477 - Poll 3: Status=ringing, TranscriptLen=0
2026-08-21T12:03:03.121110 - Poll 4: Status=ringing, TranscriptLen=0
2026-08-21T12:03:10.269657 - Poll 5: Status=in-progress, TranscriptLen=0
2026-08-21T12:03:12.814675 - Poll 6: Status=in-progress, TranscriptLen=0
2026-08-21T12:03:15.373238 - Poll 7: Status=in-progress, TranscriptLen=0
2026-08-21T12:03:17.881351 - Poll 8: Status=in-progress, TranscriptLen=0
2026-08-21T12:03:20.445624 - Poll 9: Status=in-progress, TranscriptLen=0
2026-08-21T12:03:22.910889 - Poll 10: Status=in-progress, TranscriptLen=0
2026-08-21T12:03:25.506534 - Poll 11: Status=in-progress, TranscriptLen=0
2026-08-21T12:03:27.978431 - Poll 12: Status=in-progress, TranscriptLen=0
2026-08-21T12:03:30.512385 - Poll 13: Status=in-progress, TranscriptLen=0
2026-08-21T12:03:32.943783 - Poll 14: Status=in-progress, TranscriptLen=0
2026-08-21T12:03:35.528216 - Poll 15: Status=call-disconnected, TranscriptLen=312
2026-08-21T12:03:38.104058 - Poll 16: Status=call-disconnected, TranscriptLen=312
2026-08-21T12:03:40.719744 - Poll 17: Status=call-disconnected, TranscriptLen=312
2026-08-21T12:03:43.281416 - Poll 18: Status=call-disconnected, TranscriptLen=312
2026-08-21T12:03:45.867933 - Poll 19: Status=call-disconnected, TranscriptLen=312
2026-08-21T12:03:48.338620 - Poll 20: Status=completed, TranscriptLen=312
2026-08-21T12:55:16.633291 - Starting polling fallback for Execution 5d434473-08f3-4130-b9d8-11575a3dd113 (Lead: call_1787316915494)
2026-08-21T12:55:19.229175 - Poll 0: Status=ringing, TranscriptLen=0
2026-08-21T12:55:22.034303 - Poll 1: Status=ringing, TranscriptLen=0
2026-08-21T12:55:24.498587 - Poll 2: Status=in-progress, TranscriptLen=0
2026-08-21T12:55:27.161988 - Poll 3: Status=in-progress, TranscriptLen=0
2026-08-21T12:55:29.711565 - Poll 4: Status=in-progress, TranscriptLen=0
2026-08-21T12:55:32.323078 - Poll 5: Status=in-progress, TranscriptLen=0
2026-08-21T12:55:34.928054 - Poll 6: Status=in-progress, TranscriptLen=0
2026-08-21T12:55:37.638907 - Poll 7: Status=in-progress, TranscriptLen=0
2026-08-21T12:55:40.252048 - Poll 8: Status=in-progress, TranscriptLen=0
2026-08-21T12:55:42.879629 - Poll 9: Status=in-progress, TranscriptLen=0
2026-08-21T12:55:45.339192 - Poll 10: Status=in-progress, TranscriptLen=0
2026-08-21T12:55:47.895973 - Poll 11: Status=in-progress, TranscriptLen=0
2026-08-21T12:55:50.436370 - Poll 12: Status=in-progress, TranscriptLen=0
2026-08-21T12:55:52.993537 - Poll 13: Status=in-progress, TranscriptLen=0
2026-08-21T12:55:55.513695 - Poll 14: Status=in-progress, TranscriptLen=0
2026-08-21T12:55:58.123780 - Poll 15: Status=in-progress, TranscriptLen=0
2026-08-21T12:56:10.685141 - Poll 16: Status=in-progress, TranscriptLen=0
2026-08-21T12:56:13.285034 - Poll 17: Status=in-progress, TranscriptLen=0
2026-08-21T12:56:15.963748 - Poll 18: Status=in-progress, TranscriptLen=0
2026-08-21T12:56:18.645551 - Poll 19: Status=in-progress, TranscriptLen=0
2026-08-21T12:56:21.319094 - Poll 20: Status=in-progress, TranscriptLen=0
2026-08-21T12:56:23.931470 - Poll 21: Status=in-progress, TranscriptLen=0
2026-08-21T12:56:26.598611 - Poll 22: Status=in-progress, TranscriptLen=0
2026-08-21T12:56:29.212485 - Poll 23: Status=in-progress, TranscriptLen=0
2026-08-21T12:56:40.442395 - Poll 24: Status=in-progress, TranscriptLen=0
2026-08-21T12:56:42.997906 - Poll 25: Status=in-progress, TranscriptLen=0
2026-08-21T12:56:45.624721 - Poll 26: Status=call-disconnected, TranscriptLen=1161
2026-08-21T12:56:48.130569 - Poll 27: Status=call-disconnected, TranscriptLen=1161
2026-08-21T12:56:50.681531 - Poll 28: Status=call-disconnected, TranscriptLen=1161
2026-08-21T12:56:53.159554 - Poll 29: Status=completed, TranscriptLen=1161
2026-08-21T16:26:18.416992 - Starting polling fallback for Execution daa3ffb6-ef56-41b1-a089-9bb8d31487f2 (Lead: call_1787329577335)
2026-08-21T16:26:20.857590 - Poll 0: Status=ringing, TranscriptLen=0
2026-08-21T16:26:23.516434 - Poll 1: Status=ringing, TranscriptLen=0
2026-08-21T16:26:33.092408 - Poll 2: Status=ringing, TranscriptLen=0
2026-08-21T16:26:35.697549 - Poll 3: Status=ringing, TranscriptLen=0
2026-08-21T16:26:41.660760 - Poll 4: Status=ringing, TranscriptLen=0
2026-08-21T16:26:44.150874 - Poll 5: Status=ringing, TranscriptLen=0
2026-08-21T16:26:46.748690 - Poll 6: Status=busy, TranscriptLen=0
2026-08-24T05:34:39.620421 - Starting polling fallback for Execution e9c3ff8f-3462-4a6b-8d4c-8d6165369f25 (Lead: bulk_1787549678949_0)
2026-08-24T05:34:40.641642 - Starting polling fallback for Execution 786c7cfb-4122-4437-a074-2016add8b11a (Lead: bulk_1787549680123_1)
2026-08-24T05:34:42.047028 - Poll 0: Status=ringing, TranscriptLen=0
2026-08-24T05:34:43.064637 - Poll 0: Status=ringing, TranscriptLen=0
2026-08-24T05:34:44.656385 - Poll 1: Status=ringing, TranscriptLen=0
2026-08-24T05:34:45.541719 - Poll 1: Status=ringing, TranscriptLen=0
2026-08-24T05:34:47.300539 - Poll 2: Status=ringing, TranscriptLen=0
2026-08-24T05:34:48.104740 - Poll 2: Status=ringing, TranscriptLen=0
2026-08-24T05:34:49.967083 - Poll 3: Status=ringing, TranscriptLen=0
2026-08-24T05:34:50.840751 - Poll 3: Status=ringing, TranscriptLen=0
2026-08-24T05:34:52.493499 - Poll 4: Status=ringing, TranscriptLen=0
2026-08-24T05:34:53.383438 - Poll 4: Status=ringing, TranscriptLen=0
2026-08-24T05:34:55.048447 - Poll 5: Status=ringing, TranscriptLen=0
2026-08-24T05:34:55.960844 - Poll 5: Status=ringing, TranscriptLen=0
2026-08-24T05:34:57.990443 - Poll 6: Status=ringing, TranscriptLen=0
2026-08-24T05:34:58.551531 - Poll 6: Status=ringing, TranscriptLen=0
2026-08-24T05:35:00.540129 - Poll 7: Status=ringing, TranscriptLen=0
2026-08-24T05:35:01.584627 - Poll 7: Status=ringing, TranscriptLen=0
2026-08-24T05:35:03.065029 - Poll 8: Status=ringing, TranscriptLen=0
2026-08-24T05:35:03.991722 - Poll 8: Status=ringing, TranscriptLen=0
2026-08-24T05:35:05.601347 - Poll 9: Status=ringing, TranscriptLen=0
2026-08-24T05:35:06.403728 - Poll 9: Status=ringing, TranscriptLen=0
2026-08-24T05:35:08.061221 - Poll 10: Status=ringing, TranscriptLen=0
2026-08-24T05:35:08.858281 - Poll 10: Status=busy, TranscriptLen=0
2026-08-24T05:35:10.576542 - Poll 11: Status=ringing, TranscriptLen=0
2026-08-24T05:35:12.951741 - Poll 12: Status=ringing, TranscriptLen=0
2026-08-24T05:35:15.519833 - Poll 13: Status=ringing, TranscriptLen=0
2026-08-24T05:35:17.926977 - Poll 14: Status=ringing, TranscriptLen=0
2026-08-24T05:35:20.375575 - Poll 15: Status=ringing, TranscriptLen=0
2026-08-24T05:35:22.794230 - Poll 16: Status=ringing, TranscriptLen=0
2026-08-24T05:35:25.258467 - Poll 17: Status=ringing, TranscriptLen=0
2026-08-24T05:35:27.627746 - Poll 18: Status=no-answer, TranscriptLen=0
2026-08-24T06:29:56.880528 - Starting polling fallback for Execution 7b7d6c74-5cd8-4cae-a4a0-375c91843898 (Lead: bulk_1787552996040_0)
2026-08-24T06:29:59.214439 - Poll 0: Status=queued, TranscriptLen=0
2026-08-24T06:30:02.469581 - Poll 1: Status=queued, TranscriptLen=0
2026-08-24T06:30:04.949483 - Poll 2: Status=queued, TranscriptLen=0
2026-08-24T06:30:07.423935 - Poll 3: Status=queued, TranscriptLen=0
2026-08-24T06:30:09.831019 - Poll 4: Status=queued, TranscriptLen=0
2026-08-24T06:30:12.265240 - Poll 5: Status=queued, TranscriptLen=0
2026-08-24T06:30:14.696063 - Poll 6: Status=queued, TranscriptLen=0
2026-08-24T06:30:17.068368 - Poll 7: Status=queued, TranscriptLen=0
2026-08-24T06:30:19.501737 - Poll 8: Status=queued, TranscriptLen=0
2026-08-24T06:30:21.945409 - Poll 9: Status=queued, TranscriptLen=0
2026-08-24T06:30:24.430874 - Poll 10: Status=queued, TranscriptLen=0
2026-08-24T06:30:27.029138 - Poll 11: Status=queued, TranscriptLen=0
2026-08-24T06:30:29.490734 - Poll 12: Status=queued, TranscriptLen=0
2026-08-24T06:30:31.924405 - Poll 13: Status=queued, TranscriptLen=0
2026-08-24T06:30:34.416963 - Poll 14: Status=queued, TranscriptLen=0
2026-08-24T06:30:36.791420 - Poll 15: Status=queued, TranscriptLen=0
2026-08-24T06:30:39.276984 - Poll 16: Status=queued, TranscriptLen=0
2026-08-24T06:30:41.720158 - Poll 17: Status=queued, TranscriptLen=0
2026-08-24T06:30:44.124581 - Poll 18: Status=queued, TranscriptLen=0
2026-08-24T06:30:46.631631 - Poll 19: Status=queued, TranscriptLen=0
2026-08-24T06:30:49.041221 - Poll 20: Status=queued, TranscriptLen=0
2026-08-24T06:30:51.527807 - Poll 21: Status=queued, TranscriptLen=0
2026-08-24T06:30:53.956414 - Poll 22: Status=queued, TranscriptLen=0
2026-08-24T06:30:56.520491 - Poll 23: Status=queued, TranscriptLen=0
2026-08-24T06:30:59.000657 - Poll 24: Status=queued, TranscriptLen=0
2026-08-24T06:31:01.497415 - Poll 25: Status=queued, TranscriptLen=0
2026-08-24T06:31:03.928313 - Poll 26: Status=queued, TranscriptLen=0
2026-08-24T06:31:06.387598 - Poll 27: Status=queued, TranscriptLen=0
2026-08-24T06:31:08.811537 - Poll 28: Status=queued, TranscriptLen=0
2026-08-24T06:31:11.250239 - Poll 29: Status=queued, TranscriptLen=0
2026-08-24T06:31:13.704137 - Poll 30: Status=queued, TranscriptLen=0
2026-08-24T06:31:16.139284 - Poll 31: Status=queued, TranscriptLen=0
2026-08-24T06:31:18.594061 - Poll 32: Status=initiated, TranscriptLen=0
2026-08-24T06:31:20.981324 - Poll 33: Status=ringing, TranscriptLen=0
2026-08-24T06:31:23.486374 - Poll 34: Status=ringing, TranscriptLen=0
2026-08-24T06:31:25.956656 - Poll 35: Status=ringing, TranscriptLen=0
2026-08-24T06:31:28.489707 - Poll 36: Status=ringing, TranscriptLen=0
2026-08-24T06:31:31.003090 - Poll 37: Status=in-progress, TranscriptLen=0
2026-08-24T06:31:33.490601 - Poll 38: Status=in-progress, TranscriptLen=0
2026-08-24T06:31:35.922259 - Poll 39: Status=in-progress, TranscriptLen=0
2026-08-24T06:31:38.514234 - Poll 40: Status=in-progress, TranscriptLen=0
2026-08-24T06:31:40.924678 - Poll 41: Status=in-progress, TranscriptLen=0
2026-08-24T06:31:43.395630 - Poll 42: Status=in-progress, TranscriptLen=0
2026-08-24T06:31:45.792474 - Poll 43: Status=in-progress, TranscriptLen=0
2026-08-24T06:31:48.307494 - Poll 44: Status=call-disconnected, TranscriptLen=194
2026-08-24T06:31:50.713348 - Poll 45: Status=call-disconnected, TranscriptLen=194
2026-08-24T06:31:53.151263 - Poll 46: Status=call-disconnected, TranscriptLen=194
2026-08-24T06:31:55.675101 - Poll 47: Status=call-disconnected, TranscriptLen=194
2026-08-24T06:31:58.109207 - Poll 48: Status=call-disconnected, TranscriptLen=194
2026-08-24T06:32:00.597285 - Poll 49: Status=call-disconnected, TranscriptLen=194
2026-08-24T06:32:03.032087 - Poll 50: Status=call-disconnected, TranscriptLen=194
2026-08-24T06:32:05.521259 - Poll 51: Status=completed, TranscriptLen=194
2026-08-24T06:36:42.199457 - Starting polling fallback for Execution 84a693d7-d506-4637-8a6d-82ab5d2ee3fd (Lead: bulk_1787553401509_0)
2026-08-24T06:36:44.506866 - Poll 0: Status=ringing, TranscriptLen=0
2026-08-24T06:36:46.944932 - Poll 1: Status=ringing, TranscriptLen=0
2026-08-24T06:36:49.375473 - Poll 2: Status=ringing, TranscriptLen=0
2026-08-24T06:36:51.833364 - Poll 3: Status=ringing, TranscriptLen=0
2026-08-24T06:36:54.249043 - Poll 4: Status=ringing, TranscriptLen=0
2026-08-24T06:36:56.727224 - Poll 5: Status=in-progress, TranscriptLen=0
2026-08-24T06:36:59.171579 - Poll 6: Status=in-progress, TranscriptLen=0
2026-08-24T06:37:01.769541 - Poll 7: Status=in-progress, TranscriptLen=0
2026-08-24T06:37:04.199060 - Poll 8: Status=in-progress, TranscriptLen=0
2026-08-24T06:37:07.066298 - Poll 9: Status=in-progress, TranscriptLen=0
2026-08-24T06:37:09.433171 - Poll 10: Status=in-progress, TranscriptLen=0
2026-08-24T06:37:11.856805 - Poll 11: Status=in-progress, TranscriptLen=0
2026-08-24T06:37:14.261591 - Poll 12: Status=in-progress, TranscriptLen=0
2026-08-24T06:37:16.777780 - Poll 13: Status=in-progress, TranscriptLen=0
2026-08-24T06:37:19.177818 - Poll 14: Status=in-progress, TranscriptLen=0
2026-08-24T06:37:21.679962 - Poll 15: Status=in-progress, TranscriptLen=0
2026-08-24T06:37:24.052622 - Poll 16: Status=in-progress, TranscriptLen=0
2026-08-24T06:37:26.603090 - Poll 17: Status=in-progress, TranscriptLen=0
2026-08-24T06:37:29.041893 - Poll 18: Status=in-progress, TranscriptLen=0
2026-08-24T06:37:31.513349 - Poll 19: Status=in-progress, TranscriptLen=0
2026-08-24T06:37:33.877803 - Poll 20: Status=in-progress, TranscriptLen=0
2026-08-24T06:37:36.418309 - Poll 21: Status=in-progress, TranscriptLen=0
2026-08-24T06:37:38.820317 - Poll 22: Status=in-progress, TranscriptLen=0
2026-08-24T06:37:41.296758 - Poll 23: Status=in-progress, TranscriptLen=0
2026-08-24T06:37:43.672688 - Poll 24: Status=in-progress, TranscriptLen=0
2026-08-24T06:37:46.047261 - Poll 25: Status=in-progress, TranscriptLen=0
2026-08-24T06:37:48.511968 - Poll 26: Status=in-progress, TranscriptLen=0
2026-08-24T06:37:50.973371 - Poll 27: Status=in-progress, TranscriptLen=0
2026-08-24T06:37:53.447948 - Poll 28: Status=in-progress, TranscriptLen=0
2026-08-24T06:37:55.877569 - Poll 29: Status=in-progress, TranscriptLen=0
2026-08-24T06:37:58.376847 - Poll 30: Status=in-progress, TranscriptLen=0
2026-08-24T06:38:00.739227 - Poll 31: Status=in-progress, TranscriptLen=0
2026-08-24T06:38:03.224820 - Poll 32: Status=in-progress, TranscriptLen=0
2026-08-24T06:38:05.662606 - Poll 33: Status=in-progress, TranscriptLen=0
2026-08-24T06:38:08.080244 - Poll 34: Status=in-progress, TranscriptLen=0
2026-08-24T06:38:10.578801 - Poll 35: Status=in-progress, TranscriptLen=0
2026-08-24T06:38:12.980245 - Poll 36: Status=in-progress, TranscriptLen=0
2026-08-24T06:38:15.397941 - Poll 37: Status=in-progress, TranscriptLen=0
2026-08-24T06:38:17.831576 - Poll 38: Status=in-progress, TranscriptLen=973
2026-08-24T06:38:20.258533 - Poll 39: Status=call-disconnected, TranscriptLen=973
2026-08-24T06:38:22.686688 - Poll 40: Status=call-disconnected, TranscriptLen=973
2026-08-24T06:38:25.085122 - Poll 41: Status=call-disconnected, TranscriptLen=973
2026-08-24T06:38:27.543510 - Poll 42: Status=call-disconnected, TranscriptLen=973
2026-08-24T06:38:29.968705 - Poll 43: Status=call-disconnected, TranscriptLen=973
2026-08-24T06:38:32.445039 - Poll 44: Status=call-disconnected, TranscriptLen=973
2026-08-24T06:38:34.882527 - Poll 45: Status=call-disconnected, TranscriptLen=973
2026-08-24T06:38:37.382733 - Poll 46: Status=call-disconnected, TranscriptLen=973
2026-08-24T06:38:39.799711 - Poll 47: Status=completed, TranscriptLen=973
2026-08-24T06:40:47.730477 - Starting polling fallback for Execution d9573621-7fe5-427d-bdb3-630b101c0438 (Lead: bulk_1787553647248_0)
2026-08-24T06:40:48.632336 - Starting polling fallback for Execution c37f97a4-ced5-4ac4-84ce-ad36e26589af (Lead: bulk_1787553648245_1)
2026-08-24T06:40:49.515595 - Starting polling fallback for Execution a710d949-d16c-4a9d-9baf-4f108ac17479 (Lead: bulk_1787553649125_2)
2026-08-24T06:40:50.086637 - Poll 0: Status=initiated, TranscriptLen=0
2026-08-24T06:40:50.438236 - Starting polling fallback for Execution fb9c1809-0033-4ccc-adb9-29124c896616 (Lead: bulk_1787553650026_3)
2026-08-24T06:40:51.048431 - Poll 0: Status=initiated, TranscriptLen=0
2026-08-24T06:40:51.376846 - Starting polling fallback for Execution 6a43fe85-4062-4984-8bfd-7d3df268a574 (Lead: bulk_1787553650947_4)
2026-08-24T06:40:51.873699 - Poll 0: Status=initiated, TranscriptLen=0
2026-08-24T06:40:52.339931 - Starting polling fallback for Execution 31ed4463-3140-49d0-a5ce-6f5137600935 (Lead: bulk_1787553651874_5)
2026-08-24T06:40:52.747935 - Poll 0: Status=initiated, TranscriptLen=0
2026-08-24T06:40:52.939027 - Poll 1: Status=ringing, TranscriptLen=0
2026-08-24T06:40:53.446683 - Poll 1: Status=ringing, TranscriptLen=0
2026-08-24T06:40:53.746127 - Poll 0: Status=ringing, TranscriptLen=0
2026-08-24T06:40:54.297549 - Poll 1: Status=ringing, TranscriptLen=0
2026-08-24T06:40:54.746171 - Poll 0: Status=ringing, TranscriptLen=0
2026-08-24T06:40:55.186184 - Poll 1: Status=ringing, TranscriptLen=0
2026-08-24T06:40:55.344645 - Poll 2: Status=ringing, TranscriptLen=0
2026-08-24T06:40:55.909670 - Poll 2: Status=ringing, TranscriptLen=0
2026-08-24T06:40:56.141244 - Poll 1: Status=ringing, TranscriptLen=0
2026-08-24T06:40:56.746471 - Poll 2: Status=ringing, TranscriptLen=0
2026-08-24T06:40:57.202642 - Poll 1: Status=ringing, TranscriptLen=0
2026-08-24T06:40:57.671784 - Poll 2: Status=ringing, TranscriptLen=0
2026-08-24T06:40:57.785274 - Poll 3: Status=ringing, TranscriptLen=0
2026-08-24T06:40:58.338548 - Poll 3: Status=ringing, TranscriptLen=0
2026-08-24T06:40:58.611605 - Poll 2: Status=ringing, TranscriptLen=0
2026-08-24T06:40:59.275445 - Poll 3: Status=ringing, TranscriptLen=0
2026-08-24T06:40:59.668976 - Poll 2: Status=ringing, TranscriptLen=0
2026-08-24T06:41:00.153134 - Poll 3: Status=ringing, TranscriptLen=0
2026-08-24T06:41:00.275571 - Poll 4: Status=ringing, TranscriptLen=0
2026-08-24T06:41:00.811986 - Poll 4: Status=ringing, TranscriptLen=0
2026-08-24T06:41:01.242189 - Poll 3: Status=ringing, TranscriptLen=0
2026-08-24T06:41:01.931387 - Poll 4: Status=ringing, TranscriptLen=0
2026-08-24T06:41:02.431193 - Poll 3: Status=ringing, TranscriptLen=0
2026-08-24T06:41:02.752013 - Poll 5: Status=ringing, TranscriptLen=0
2026-08-24T06:41:02.843771 - Poll 4: Status=in-progress, TranscriptLen=0
2026-08-24T06:41:03.289712 - Poll 5: Status=ringing, TranscriptLen=0
2026-08-24T06:41:03.675909 - Poll 4: Status=ringing, TranscriptLen=0
2026-08-24T06:41:04.355435 - Poll 5: Status=ringing, TranscriptLen=0
2026-08-24T06:41:04.874764 - Poll 4: Status=ringing, TranscriptLen=0
2026-08-24T06:41:05.239414 - Poll 6: Status=in-progress, TranscriptLen=0
2026-08-24T06:41:05.284988 - Poll 5: Status=in-progress, TranscriptLen=0
2026-08-24T06:41:05.667372 - Poll 6: Status=ringing, TranscriptLen=0
2026-08-24T06:41:06.062857 - Poll 5: Status=ringing, TranscriptLen=0
2026-08-24T06:41:06.752570 - Poll 6: Status=ringing, TranscriptLen=0
2026-08-24T06:41:07.374218 - Poll 5: Status=ringing, TranscriptLen=0
2026-08-24T06:41:07.634446 - Poll 7: Status=in-progress, TranscriptLen=0
2026-08-24T06:41:07.692666 - Poll 6: Status=in-progress, TranscriptLen=0
2026-08-24T06:41:08.118968 - Poll 7: Status=busy, TranscriptLen=0
2026-08-24T06:41:08.465213 - Poll 6: Status=ringing, TranscriptLen=0
2026-08-24T06:41:09.189225 - Poll 7: Status=ringing, TranscriptLen=0
2026-08-24T06:41:09.824969 - Poll 6: Status=ringing, TranscriptLen=0
2026-08-24T06:41:10.077997 - Poll 8: Status=in-progress, TranscriptLen=0
2026-08-24T06:41:10.088367 - Poll 7: Status=in-progress, TranscriptLen=0
2026-08-24T06:41:10.850599 - Poll 7: Status=ringing, TranscriptLen=0
2026-08-24T06:41:11.549476 - Poll 8: Status=ringing, TranscriptLen=0
2026-08-24T06:41:12.270810 - Poll 7: Status=ringing, TranscriptLen=0
2026-08-24T06:41:12.488046 - Poll 9: Status=in-progress, TranscriptLen=0
2026-08-24T06:41:12.513317 - Poll 8: Status=in-progress, TranscriptLen=0
2026-08-24T06:41:13.248056 - Poll 8: Status=ringing, TranscriptLen=0
2026-08-24T06:41:13.969919 - Poll 9: Status=busy, TranscriptLen=0
2026-08-24T06:41:14.637522 - Poll 8: Status=ringing, TranscriptLen=0
2026-08-24T06:41:14.870655 - Poll 10: Status=in-progress, TranscriptLen=0
2026-08-24T06:41:15.003047 - Poll 9: Status=in-progress, TranscriptLen=0
2026-08-24T06:41:15.704354 - Poll 9: Status=ringing, TranscriptLen=0
2026-08-24T06:41:17.058934 - Poll 9: Status=ringing, TranscriptLen=0
2026-08-24T06:41:17.342002 - Poll 11: Status=in-progress, TranscriptLen=0
2026-08-24T06:41:17.391285 - Poll 10: Status=in-progress, TranscriptLen=0
2026-08-24T06:41:18.187319 - Poll 10: Status=ringing, TranscriptLen=0
2026-08-24T06:41:19.529160 - Poll 10: Status=busy, TranscriptLen=0
2026-08-24T06:41:19.747383 - Poll 12: Status=in-progress, TranscriptLen=0
2026-08-24T06:41:19.845463 - Poll 11: Status=in-progress, TranscriptLen=0
2026-08-24T06:41:20.585371 - Poll 11: Status=ringing, TranscriptLen=0
2026-08-24T06:41:22.161489 - Poll 13: Status=in-progress, TranscriptLen=0
2026-08-24T06:41:22.286467 - Poll 12: Status=in-progress, TranscriptLen=0
2026-08-24T06:41:23.021872 - Poll 12: Status=ringing, TranscriptLen=0
2026-08-24T06:41:24.555154 - Poll 14: Status=in-progress, TranscriptLen=0
2026-08-24T06:41:24.770993 - Poll 13: Status=in-progress, TranscriptLen=0
2026-08-24T06:41:25.472012 - Poll 13: Status=ringing, TranscriptLen=0
2026-08-24T06:41:26.965999 - Poll 15: Status=in-progress, TranscriptLen=0
2026-08-24T06:41:27.233813 - Poll 14: Status=in-progress, TranscriptLen=0
2026-08-24T06:41:27.857406 - Poll 14: Status=ringing, TranscriptLen=0
2026-08-24T06:41:29.336513 - Poll 16: Status=in-progress, TranscriptLen=0
2026-08-24T06:41:29.598641 - Poll 15: Status=in-progress, TranscriptLen=0
2026-08-24T06:41:30.291366 - Poll 15: Status=ringing, TranscriptLen=0
2026-08-24T06:41:31.710478 - Poll 17: Status=in-progress, TranscriptLen=0
2026-08-24T06:41:32.005090 - Poll 16: Status=in-progress, TranscriptLen=0
2026-08-24T06:41:32.790938 - Poll 16: Status=ringing, TranscriptLen=0
2026-08-24T06:41:34.112629 - Poll 18: Status=in-progress, TranscriptLen=0
2026-08-24T06:41:34.424412 - Poll 17: Status=in-progress, TranscriptLen=0
2026-08-24T06:41:35.187517 - Poll 17: Status=ringing, TranscriptLen=0
2026-08-24T06:41:36.481400 - Poll 19: Status=in-progress, TranscriptLen=0
2026-08-24T06:41:36.826738 - Poll 18: Status=in-progress, TranscriptLen=0
2026-08-24T06:41:37.673572 - Poll 18: Status=no-answer, TranscriptLen=0
2026-08-24T06:41:38.909646 - Poll 20: Status=in-progress, TranscriptLen=0
2026-08-24T06:41:39.224574 - Poll 19: Status=in-progress, TranscriptLen=0
2026-08-24T08:13:32.524544 - Starting polling fallback for Execution 0e931ca0-0545-46c9-9099-b713b1b0a845 (Lead: call_1787559211654)
2026-08-24T08:13:35.025085 - Poll 0: Status=ringing, TranscriptLen=0
2026-08-24T08:13:37.685229 - Poll 1: Status=ringing, TranscriptLen=0
2026-08-24T08:13:40.151590 - Poll 2: Status=in-progress, TranscriptLen=0
2026-08-24T08:13:42.679985 - Poll 3: Status=in-progress, TranscriptLen=0
2026-08-24T08:13:45.217767 - Poll 4: Status=in-progress, TranscriptLen=0
2026-08-24T08:13:47.762394 - Poll 5: Status=in-progress, TranscriptLen=0
2026-08-24T08:13:50.238974 - Poll 6: Status=in-progress, TranscriptLen=0
2026-08-24T08:13:52.779584 - Poll 7: Status=in-progress, TranscriptLen=0
2026-08-24T08:13:55.241953 - Poll 8: Status=in-progress, TranscriptLen=0
2026-08-24T08:13:57.811436 - Poll 9: Status=in-progress, TranscriptLen=0
2026-08-24T08:14:00.289545 - Poll 10: Status=in-progress, TranscriptLen=0
2026-08-24T08:14:02.883598 - Poll 11: Status=in-progress, TranscriptLen=0
2026-08-24T08:14:05.361973 - Poll 12: Status=in-progress, TranscriptLen=0
2026-08-24T08:14:07.883493 - Poll 13: Status=in-progress, TranscriptLen=0
2026-08-24T08:14:10.415916 - Poll 14: Status=in-progress, TranscriptLen=0
2026-08-24T08:14:12.934422 - Poll 15: Status=in-progress, TranscriptLen=0
2026-08-24T08:14:15.399623 - Poll 16: Status=in-progress, TranscriptLen=0
2026-08-24T08:14:17.954193 - Poll 17: Status=in-progress, TranscriptLen=0
2026-08-24T08:14:20.432690 - Poll 18: Status=in-progress, TranscriptLen=0
2026-08-24T08:14:22.980160 - Poll 19: Status=in-progress, TranscriptLen=0
2026-08-24T08:14:25.465094 - Poll 20: Status=in-progress, TranscriptLen=0
2026-08-24T08:14:27.982196 - Poll 21: Status=in-progress, TranscriptLen=0
2026-08-24T08:14:30.465106 - Poll 22: Status=in-progress, TranscriptLen=0
2026-08-24T08:14:33.043009 - Poll 23: Status=in-progress, TranscriptLen=0
2026-08-24T08:14:35.565134 - Poll 24: Status=in-progress, TranscriptLen=0
2026-08-24T08:14:38.091515 - Poll 25: Status=in-progress, TranscriptLen=0
2026-08-24T08:14:40.697034 - Poll 26: Status=in-progress, TranscriptLen=0
2026-08-24T08:14:43.337774 - Poll 27: Status=in-progress, TranscriptLen=0
2026-08-24T08:14:45.810027 - Poll 28: Status=in-progress, TranscriptLen=0
2026-08-24T08:14:48.385763 - Poll 29: Status=in-progress, TranscriptLen=0
2026-08-24T08:14:50.880804 - Poll 30: Status=in-progress, TranscriptLen=0
2026-08-24T08:14:53.464278 - Poll 31: Status=call-disconnected, TranscriptLen=1041
2026-08-24T08:14:55.966227 - Poll 32: Status=call-disconnected, TranscriptLen=1041
2026-08-24T08:14:58.428810 - Poll 33: Status=call-disconnected, TranscriptLen=1041
2026-08-24T08:15:00.992519 - Poll 34: Status=call-disconnected, TranscriptLen=1041
2026-08-24T08:15:03.481593 - Poll 35: Status=call-disconnected, TranscriptLen=1041
2026-08-24T08:15:06.079385 - Poll 36: Status=call-disconnected, TranscriptLen=1041
2026-08-24T08:15:08.524892 - Poll 37: Status=call-disconnected, TranscriptLen=1041
2026-08-24T08:15:11.074149 - Poll 38: Status=call-disconnected, TranscriptLen=1041
2026-08-24T08:15:13.627102 - Poll 39: Status=completed, TranscriptLen=1041
2026-08-28T06:31:11.010794 - Starting polling fallback for Execution 7d473c13-5e24-4536-9402-1e934ba0d64d (Lead: ee713526-4902-48ed-a1fd-311025002701)
2026-08-28T06:31:13.374742 - Poll 0: Status=queued, TranscriptLen=0
2026-08-28T06:31:16.032407 - Poll 1: Status=ringing, TranscriptLen=0
2026-08-28T06:31:18.635110 - Poll 2: Status=ringing, TranscriptLen=0
2026-08-28T06:31:21.203909 - Poll 3: Status=in-progress, TranscriptLen=0
2026-08-28T06:31:23.651922 - Poll 4: Status=in-progress, TranscriptLen=0
2026-08-28T06:31:26.653281 - Poll 5: Status=in-progress, TranscriptLen=0
2026-08-28T06:31:29.116575 - Poll 6: Status=in-progress, TranscriptLen=0
2026-08-28T06:31:31.656977 - Poll 7: Status=in-progress, TranscriptLen=0
2026-08-28T06:31:34.154600 - Poll 8: Status=in-progress, TranscriptLen=0
2026-08-28T06:31:36.707480 - Poll 9: Status=in-progress, TranscriptLen=0
2026-08-28T06:31:39.251961 - Poll 10: Status=call-disconnected, TranscriptLen=265
2026-08-28T06:31:41.826882 - Poll 11: Status=call-disconnected, TranscriptLen=265
2026-08-28T06:31:44.246333 - Poll 12: Status=completed, TranscriptLen=265
2026-08-28T07:15:33.461981 - Starting polling fallback for Execution ccfd8e64-6e48-4f54-8522-b3c94a2aa8f9 (Lead: bd8032da-c95e-4108-9f80-497badc8d8e8)
2026-08-28T07:15:35.864240 - Poll 0: Status=ringing, TranscriptLen=0
2026-08-28T07:15:38.420875 - Poll 1: Status=ringing, TranscriptLen=0
2026-08-28T07:15:40.840277 - Poll 2: Status=ringing, TranscriptLen=0
2026-08-28T07:15:43.290711 - Poll 3: Status=ringing, TranscriptLen=0
2026-08-28T07:15:45.812376 - Poll 4: Status=ringing, TranscriptLen=0
2026-08-28T07:15:48.280086 - Poll 5: Status=ringing, TranscriptLen=0
2026-08-28T07:15:50.644542 - Poll 6: Status=ringing, TranscriptLen=0
2026-08-28T07:15:53.076653 - Poll 7: Status=ringing, TranscriptLen=0
2026-08-28T07:15:55.468315 - Poll 8: Status=ringing, TranscriptLen=0
2026-08-28T07:15:57.893246 - Poll 9: Status=ringing, TranscriptLen=0
2026-08-28T07:16:00.290703 - Poll 10: Status=ringing, TranscriptLen=0
2026-08-28T07:16:03.201193 - Poll 11: Status=ringing, TranscriptLen=0
2026-08-28T07:16:05.657586 - Poll 12: Status=busy, TranscriptLen=0
2026-08-28T07:26:12.709439 - Starting polling fallback for Execution f2c1077c-0f7f-4ba0-b0cd-636085b2a3c9 (Lead: bulk_1787901972034_0)
2026-08-28T07:26:15.100651 - Poll 0: Status=ringing, TranscriptLen=0
2026-08-28T07:26:17.568681 - Poll 1: Status=ringing, TranscriptLen=0
2026-08-28T07:26:20.110841 - Poll 2: Status=ringing, TranscriptLen=0
2026-08-28T07:26:22.462314 - Poll 3: Status=ringing, TranscriptLen=0
2026-08-28T07:26:24.901772 - Poll 4: Status=ringing, TranscriptLen=0
2026-08-28T07:26:27.283074 - Poll 5: Status=ringing, TranscriptLen=0
2026-08-28T07:26:32.578007 - Poll 6: Status=ringing, TranscriptLen=0
2026-08-28T07:26:35.170030 - Poll 7: Status=ringing, TranscriptLen=0
2026-08-28T07:26:37.598452 - Poll 8: Status=ringing, TranscriptLen=0
2026-08-28T07:26:40.025595 - Poll 9: Status=ringing, TranscriptLen=0
2026-08-28T07:26:42.504017 - Poll 10: Status=busy, TranscriptLen=0
2026-08-28T13:44:56.791760 - Starting polling fallback for Execution b6b4f876-b191-4122-af33-e1f2696fc54c (Lead: test-agent-call)
2026-08-28T13:44:59.322334 - Poll 0: Status=ringing, TranscriptLen=0
2026-08-28T13:45:05.085922 - Poll 1: Status=ringing, TranscriptLen=0
2026-08-28T13:45:08.137675 - Poll 2: Status=in-progress, TranscriptLen=0
2026-08-28T13:45:10.660031 - Poll 3: Status=in-progress, TranscriptLen=0
2026-08-28T13:45:13.595645 - Poll 4: Status=in-progress, TranscriptLen=0
2026-08-28T13:45:16.253706 - Poll 5: Status=in-progress, TranscriptLen=0
2026-08-28T13:45:18.777554 - Poll 6: Status=in-progress, TranscriptLen=0
2026-08-28T13:45:21.329833 - Poll 7: Status=in-progress, TranscriptLen=0
2026-08-28T13:45:23.965828 - Poll 8: Status=in-progress, TranscriptLen=0
2026-08-28T13:45:26.469609 - Poll 9: Status=in-progress, TranscriptLen=0
2026-08-28T13:45:29.078619 - Poll 10: Status=in-progress, TranscriptLen=0
2026-08-28T13:46:32.212310 - Poll 11: Status=completed, TranscriptLen=1011
2026-08-28T14:04:20.700674 - Starting polling fallback for Execution 2c2475da-f4c6-4f03-8b1d-6fe16ecb426d (Lead: 1f13a827-3237-4954-8e65-fbeda2327df6)
2026-08-28T14:04:23.108899 - Poll 0: Status=ringing, TranscriptLen=0
2026-08-28T14:04:25.743108 - Poll 1: Status=ringing, TranscriptLen=0
2026-08-28T14:04:28.156961 - Poll 2: Status=ringing, TranscriptLen=0
2026-08-28T14:04:30.785282 - Poll 3: Status=in-progress, TranscriptLen=0
2026-08-28T14:04:33.230295 - Poll 4: Status=in-progress, TranscriptLen=0
2026-08-28T14:04:35.747810 - Poll 5: Status=in-progress, TranscriptLen=0
2026-08-28T14:04:38.223975 - Poll 6: Status=in-progress, TranscriptLen=0
2026-08-28T14:04:40.710081 - Poll 7: Status=in-progress, TranscriptLen=0
2026-08-28T14:04:43.186049 - Poll 8: Status=in-progress, TranscriptLen=0
2026-08-28T14:04:45.708988 - Poll 9: Status=in-progress, TranscriptLen=0
2026-08-28T14:04:48.197854 - Poll 10: Status=in-progress, TranscriptLen=0
2026-08-28T14:04:50.748873 - Poll 11: Status=in-progress, TranscriptLen=0
2026-08-28T14:04:53.225889 - Poll 12: Status=in-progress, TranscriptLen=0
2026-08-28T14:04:55.948346 - Poll 13: Status=in-progress, TranscriptLen=0
2026-08-28T14:04:58.574504 - Poll 14: Status=in-progress, TranscriptLen=0
2026-08-28T14:05:01.428908 - Poll 15: Status=in-progress, TranscriptLen=0
2026-08-28T14:05:04.147637 - Poll 16: Status=in-progress, TranscriptLen=0
2026-08-28T14:05:07.069386 - Poll 17: Status=in-progress, TranscriptLen=0
2026-08-28T14:05:09.706096 - Poll 18: Status=in-progress, TranscriptLen=0
2026-08-28T14:05:12.433032 - Poll 19: Status=in-progress, TranscriptLen=0
2026-08-28T14:05:15.095380 - Poll 20: Status=in-progress, TranscriptLen=0
2026-08-28T14:05:17.779404 - Poll 21: Status=in-progress, TranscriptLen=0
2026-08-28T14:05:25.829812 - Poll 22: Status=in-progress, TranscriptLen=0
2026-08-28T14:05:28.510508 - Poll 23: Status=in-progress, TranscriptLen=0
2026-08-28T14:05:31.140474 - Poll 24: Status=in-progress, TranscriptLen=0
2026-08-28T14:05:33.754796 - Poll 25: Status=in-progress, TranscriptLen=0
2026-08-28T14:05:36.430904 - Poll 26: Status=in-progress, TranscriptLen=0
2026-08-28T14:05:38.988921 - Poll 27: Status=in-progress, TranscriptLen=0
2026-08-28T14:05:41.577973 - Poll 28: Status=in-progress, TranscriptLen=0
2026-08-28T14:05:44.176509 - Poll 29: Status=in-progress, TranscriptLen=0
2026-08-28T14:05:46.976769 - Poll 30: Status=in-progress, TranscriptLen=0
2026-08-28T14:05:49.576628 - Poll 31: Status=in-progress, TranscriptLen=0
2026-08-28T14:05:52.221048 - Poll 32: Status=in-progress, TranscriptLen=0
2026-08-28T14:06:06.861686 - Poll 33: Status=in-progress, TranscriptLen=0
2026-08-28T14:06:09.303048 - Poll 34: Status=call-disconnected, TranscriptLen=1386
2026-08-28T14:06:11.826091 - Poll 35: Status=call-disconnected, TranscriptLen=1386
2026-08-28T14:06:14.225191 - Poll 36: Status=call-disconnected, TranscriptLen=1386
2026-08-28T14:06:16.658291 - Poll 37: Status=call-disconnected, TranscriptLen=1386
2026-08-28T14:06:19.125020 - Poll 38: Status=call-disconnected, TranscriptLen=1386
2026-08-28T14:06:21.559543 - Poll 39: Status=call-disconnected, TranscriptLen=1386
2026-08-28T14:06:24.018493 - Poll 40: Status=call-disconnected, TranscriptLen=1386
2026-08-28T14:06:26.470441 - Poll 41: Status=call-disconnected, TranscriptLen=1386
2026-08-28T14:06:28.877066 - Poll 42: Status=completed, TranscriptLen=1386
2026-08-28T14:25:40.541472 - Starting polling fallback for Execution b02770c4-6d3b-4fd6-b45e-6745eecf967d (Lead: test-agent-call-1787927139862)
2026-08-28T14:25:42.928455 - Poll 0: Status=ringing, TranscriptLen=0
2026-08-28T14:25:45.558125 - Poll 1: Status=ringing, TranscriptLen=0
2026-08-28T14:25:48.015121 - Poll 2: Status=in-progress, TranscriptLen=0
2026-08-28T14:25:50.537761 - Poll 3: Status=in-progress, TranscriptLen=0
2026-08-28T14:25:53.050885 - Poll 4: Status=in-progress, TranscriptLen=0
2026-08-28T14:25:55.583067 - Poll 5: Status=in-progress, TranscriptLen=0
2026-08-28T14:25:58.033347 - Poll 6: Status=in-progress, TranscriptLen=0
2026-08-28T14:26:00.576624 - Poll 7: Status=in-progress, TranscriptLen=0
2026-08-28T14:26:03.090101 - Poll 8: Status=in-progress, TranscriptLen=0
2026-08-28T14:26:05.684035 - Poll 9: Status=call-disconnected, TranscriptLen=268
2026-08-28T14:26:08.078919 - Poll 10: Status=call-disconnected, TranscriptLen=268
2026-08-28T14:26:10.589815 - Poll 11: Status=call-disconnected, TranscriptLen=268
2026-08-28T14:26:13.037288 - Poll 12: Status=call-disconnected, TranscriptLen=268
2026-08-28T14:26:15.480748 - Poll 13: Status=call-disconnected, TranscriptLen=268
2026-08-28T14:26:17.986212 - Poll 14: Status=call-disconnected, TranscriptLen=268
2026-08-28T14:26:20.453502 - Poll 15: Status=completed, TranscriptLen=268
2026-08-28T14:27:16.005926 - Starting polling fallback for Execution 2f559c2f-4ae7-4acd-b698-47383dc256ca (Lead: test-agent-call-1787927235342)
2026-08-28T14:27:18.423777 - Poll 0: Status=ringing, TranscriptLen=0
2026-08-28T14:27:21.061966 - Poll 1: Status=ringing, TranscriptLen=0
2026-08-28T14:27:23.811116 - Poll 2: Status=in-progress, TranscriptLen=0
2026-08-28T14:27:26.445221 - Poll 3: Status=in-progress, TranscriptLen=0
2026-08-28T14:27:29.066650 - Poll 4: Status=in-progress, TranscriptLen=0
2026-08-28T14:27:31.774081 - Poll 5: Status=in-progress, TranscriptLen=0
2026-08-28T14:27:34.275395 - Poll 6: Status=call-disconnected, TranscriptLen=156
2026-08-28T14:27:36.868495 - Poll 7: Status=call-disconnected, TranscriptLen=156
2026-08-28T14:27:39.440693 - Poll 8: Status=call-disconnected, TranscriptLen=156
2026-08-28T14:27:42.051010 - Poll 9: Status=call-disconnected, TranscriptLen=156
2026-08-28T14:27:44.539633 - Poll 10: Status=call-disconnected, TranscriptLen=156
2026-08-28T14:27:46.990480 - Poll 11: Status=call-disconnected, TranscriptLen=156
2026-08-28T14:27:49.381593 - Poll 12: Status=completed, TranscriptLen=156
2026-08-28T14:38:45.453792 - Starting polling fallback for Execution 596fb3c6-0ea9-46bb-ae3f-9eef8633e7c6 (Lead: test-agent-call-1787927924673)
2026-08-28T14:38:47.881912 - Poll 0: Status=ringing, TranscriptLen=0
2026-08-28T14:38:50.446722 - Poll 1: Status=ringing, TranscriptLen=0
2026-08-28T14:38:55.406676 - Poll 2: Status=in-progress, TranscriptLen=0
2026-08-28T14:38:58.016774 - Poll 3: Status=in-progress, TranscriptLen=0
2026-08-28T14:39:00.669643 - Poll 4: Status=in-progress, TranscriptLen=0
2026-08-28T14:39:03.351941 - Poll 5: Status=call-disconnected, TranscriptLen=156
2026-08-28T14:39:05.859659 - Poll 6: Status=call-disconnected, TranscriptLen=156
2026-08-28T14:39:08.650245 - Poll 7: Status=call-disconnected, TranscriptLen=156
2026-08-28T14:39:11.120651 - Poll 8: Status=call-disconnected, TranscriptLen=156
2026-08-28T14:39:13.764381 - Poll 9: Status=call-disconnected, TranscriptLen=156
2026-08-28T14:39:16.222601 - Poll 10: Status=call-disconnected, TranscriptLen=156
2026-08-28T14:39:18.673241 - Poll 11: Status=completed, TranscriptLen=156
2026-08-28T14:39:18.980068 - Starting polling fallback for Execution ef6a3ace-ef42-449a-81e1-137b712af346 (Lead: test-agent-call-1787927958403)
2026-08-28T14:39:21.381442 - Poll 0: Status=ringing, TranscriptLen=0
2026-08-28T14:39:23.921005 - Poll 1: Status=in-progress, TranscriptLen=0
2026-08-28T14:39:26.492868 - Poll 2: Status=in-progress, TranscriptLen=0
2026-08-28T14:39:29.059552 - Poll 3: Status=call-disconnected, TranscriptLen=156
2026-08-28T14:39:31.483571 - Poll 4: Status=call-disconnected, TranscriptLen=156
2026-08-28T14:39:33.933283 - Poll 5: Status=call-disconnected, TranscriptLen=156
2026-08-28T14:39:36.348550 - Poll 6: Status=call-disconnected, TranscriptLen=156
2026-08-28T14:39:38.780112 - Poll 7: Status=call-disconnected, TranscriptLen=156
2026-08-28T14:39:41.237158 - Poll 8: Status=call-disconnected, TranscriptLen=156
2026-08-28T14:39:43.611802 - Poll 9: Status=completed, TranscriptLen=156
2026-08-28T14:44:12.103437 - Starting polling fallback for Execution 57943423-3f55-4699-b431-7fcc5157b623 (Lead: test-agent-call-1787928251438)
2026-08-28T14:44:14.518137 - Poll 0: Status=ringing, TranscriptLen=0
2026-08-28T14:44:17.113673 - Poll 1: Status=ringing, TranscriptLen=0
2026-08-28T14:44:19.556145 - Poll 2: Status=ringing, TranscriptLen=0
2026-08-28T14:44:22.270164 - Poll 3: Status=in-progress, TranscriptLen=0
2026-08-28T14:44:24.899662 - Poll 4: Status=in-progress, TranscriptLen=0
2026-08-28T14:44:27.610937 - Poll 5: Status=in-progress, TranscriptLen=0
2026-08-28T14:44:30.313050 - Poll 6: Status=in-progress, TranscriptLen=0
2026-08-28T14:44:33.026028 - Poll 7: Status=in-progress, TranscriptLen=0
2026-08-28T14:44:35.665097 - Poll 8: Status=in-progress, TranscriptLen=0
2026-08-28T14:44:38.371184 - Poll 9: Status=in-progress, TranscriptLen=0
2026-08-28T14:44:40.838162 - Poll 10: Status=call-disconnected, TranscriptLen=257
2026-08-28T14:44:43.254452 - Poll 11: Status=call-disconnected, TranscriptLen=257
2026-08-28T14:44:45.668327 - Poll 12: Status=call-disconnected, TranscriptLen=257
2026-08-28T14:44:48.147770 - Poll 13: Status=call-disconnected, TranscriptLen=257
2026-08-28T14:44:50.548649 - Poll 14: Status=call-disconnected, TranscriptLen=257
2026-08-28T14:44:52.976676 - Poll 15: Status=completed, TranscriptLen=257
2026-08-28T14:47:29.596952 - Starting polling fallback for Execution eaf74f29-74bd-430c-a05a-5fb5d401d002 (Lead: test-agent-call-1787928448868)
2026-08-28T14:47:32.116379 - Poll 0: Status=ringing, TranscriptLen=0
2026-08-28T14:47:34.798269 - Poll 1: Status=in-progress, TranscriptLen=0
2026-08-28T14:47:37.417631 - Poll 2: Status=in-progress, TranscriptLen=0
2026-08-28T14:47:40.145862 - Poll 3: Status=in-progress, TranscriptLen=0
2026-08-28T14:47:42.760003 - Poll 4: Status=in-progress, TranscriptLen=0
2026-08-28T14:47:45.492615 - Poll 5: Status=in-progress, TranscriptLen=0
2026-08-28T14:47:48.131510 - Poll 6: Status=in-progress, TranscriptLen=0
2026-08-28T14:47:50.728983 - Poll 7: Status=in-progress, TranscriptLen=0
2026-08-28T14:47:53.314691 - Poll 8: Status=in-progress, TranscriptLen=0
2026-08-28T14:47:56.042444 - Poll 9: Status=in-progress, TranscriptLen=0
2026-08-28T14:47:58.564150 - Poll 10: Status=in-progress, TranscriptLen=0
2026-08-28T14:48:01.143151 - Poll 11: Status=call-disconnected, TranscriptLen=327
2026-08-28T14:48:03.646767 - Poll 12: Status=call-disconnected, TranscriptLen=327
2026-08-28T14:48:06.187318 - Poll 13: Status=call-disconnected, TranscriptLen=327
2026-08-28T14:48:08.612855 - Poll 14: Status=completed, TranscriptLen=327
2026-08-28T15:30:30.720791 - Starting polling fallback for Execution ec29f760-6489-4986-84fe-1c3f55cf2540 (Lead: 3ba23751-c78e-4897-897f-e7d971db748c)
2026-08-28T15:30:33.141983 - Poll 0: Status=ringing, TranscriptLen=0
2026-08-28T15:30:35.917221 - Poll 1: Status=ringing, TranscriptLen=0
2026-08-28T15:30:38.385016 - Poll 2: Status=ringing, TranscriptLen=0
2026-08-28T15:30:41.024214 - Poll 3: Status=ringing, TranscriptLen=0
2026-08-28T15:30:43.483582 - Poll 4: Status=in-progress, TranscriptLen=0
2026-08-28T15:30:46.060531 - Poll 5: Status=in-progress, TranscriptLen=0
2026-08-28T15:33:12.152831 - Poll 6: Status=completed, TranscriptLen=2048
2026-08-28T15:52:44.780327 - Starting polling fallback for Execution 2da80a54-d108-4675-b3bc-b6306322db0e (Lead: bulk_1787932364109_0)
2026-08-28T15:52:47.270648 - Poll 0: Status=ringing, TranscriptLen=0
2026-08-28T15:52:49.975322 - Poll 1: Status=ringing, TranscriptLen=0
2026-08-28T15:52:52.606723 - Poll 2: Status=in-progress, TranscriptLen=0
2026-08-28T15:52:55.338577 - Poll 3: Status=in-progress, TranscriptLen=0
2026-08-28T15:52:57.918340 - Poll 4: Status=in-progress, TranscriptLen=0
2026-08-28T15:53:00.607268 - Poll 5: Status=in-progress, TranscriptLen=0
2026-08-28T15:53:03.148583 - Poll 6: Status=in-progress, TranscriptLen=0
2026-08-28T15:53:05.736358 - Poll 7: Status=in-progress, TranscriptLen=0
2026-08-28T15:53:08.272140 - Poll 8: Status=in-progress, TranscriptLen=0
2026-08-28T15:53:10.926781 - Poll 9: Status=in-progress, TranscriptLen=0
2026-08-28T15:53:13.484081 - Poll 10: Status=in-progress, TranscriptLen=0
2026-08-28T15:53:16.181033 - Poll 11: Status=in-progress, TranscriptLen=0
2026-08-28T15:53:18.797025 - Poll 12: Status=in-progress, TranscriptLen=0
2026-08-28T15:53:21.423580 - Poll 13: Status=in-progress, TranscriptLen=0
2026-08-28T15:53:23.954177 - Poll 14: Status=in-progress, TranscriptLen=0
2026-08-28T15:53:26.725338 - Poll 15: Status=in-progress, TranscriptLen=0
2026-08-28T15:53:29.323865 - Poll 16: Status=in-progress, TranscriptLen=0
2026-08-28T15:53:32.092130 - Poll 17: Status=in-progress, TranscriptLen=0
2026-08-28T15:53:34.703156 - Poll 18: Status=in-progress, TranscriptLen=0
2026-08-28T15:53:37.393784 - Poll 19: Status=in-progress, TranscriptLen=0
2026-08-28T15:53:39.855186 - Poll 20: Status=in-progress, TranscriptLen=0
2026-08-28T15:53:42.479936 - Poll 21: Status=in-progress, TranscriptLen=0
2026-08-28T15:53:45.039018 - Poll 22: Status=in-progress, TranscriptLen=0
2026-08-28T15:53:47.752570 - Poll 23: Status=in-progress, TranscriptLen=0
2026-08-28T15:53:50.278550 - Poll 24: Status=in-progress, TranscriptLen=0
2026-08-28T15:53:52.857389 - Poll 25: Status=in-progress, TranscriptLen=0
2026-08-28T15:53:55.424573 - Poll 26: Status=in-progress, TranscriptLen=0
2026-08-28T15:53:58.101491 - Poll 27: Status=in-progress, TranscriptLen=0
2026-08-28T15:54:00.821433 - Poll 28: Status=in-progress, TranscriptLen=0
2026-08-28T15:54:03.517015 - Poll 29: Status=in-progress, TranscriptLen=0
2026-08-28T15:54:06.129338 - Poll 30: Status=in-progress, TranscriptLen=0
2026-08-28T15:54:08.981344 - Poll 31: Status=in-progress, TranscriptLen=0
2026-08-28T15:54:11.699726 - Poll 32: Status=in-progress, TranscriptLen=0
2026-08-28T15:54:14.398776 - Poll 33: Status=in-progress, TranscriptLen=0
2026-08-28T15:54:17.178620 - Poll 34: Status=in-progress, TranscriptLen=0
2026-08-28T15:54:19.980816 - Poll 35: Status=in-progress, TranscriptLen=0
2026-08-28T15:54:22.500070 - Poll 36: Status=in-progress, TranscriptLen=0
2026-08-28T15:54:25.262480 - Poll 37: Status=in-progress, TranscriptLen=0
2026-08-28T15:54:27.856359 - Poll 38: Status=in-progress, TranscriptLen=0
2026-08-28T15:54:30.554583 - Poll 39: Status=in-progress, TranscriptLen=0
2026-08-28T15:54:33.229457 - Poll 40: Status=in-progress, TranscriptLen=0
2026-08-28T15:54:35.965207 - Poll 41: Status=in-progress, TranscriptLen=0
2026-08-28T15:54:38.677918 - Poll 42: Status=in-progress, TranscriptLen=0
2026-08-28T15:54:41.318797 - Poll 43: Status=in-progress, TranscriptLen=0
2026-08-28T15:54:43.913089 - Poll 44: Status=in-progress, TranscriptLen=0
2026-08-28T15:54:46.597250 - Poll 45: Status=in-progress, TranscriptLen=0
2026-08-28T15:54:49.198056 - Poll 46: Status=in-progress, TranscriptLen=0
2026-08-28T15:54:51.901102 - Poll 47: Status=in-progress, TranscriptLen=0
2026-08-28T15:54:54.556597 - Poll 48: Status=in-progress, TranscriptLen=0
2026-08-28T15:54:57.382259 - Poll 49: Status=in-progress, TranscriptLen=0
2026-08-28T15:55:00.216459 - Poll 50: Status=in-progress, TranscriptLen=0
2026-08-28T15:55:03.030964 - Poll 51: Status=in-progress, TranscriptLen=0
2026-08-28T15:55:05.640889 - Poll 52: Status=in-progress, TranscriptLen=0
2026-08-28T15:55:08.358665 - Poll 53: Status=in-progress, TranscriptLen=0
2026-08-28T15:55:10.899076 - Poll 54: Status=in-progress, TranscriptLen=0
2026-08-28T15:55:13.626011 - Poll 55: Status=in-progress, TranscriptLen=0
2026-08-28T15:55:16.281393 - Poll 56: Status=in-progress, TranscriptLen=0
2026-08-28T15:55:19.020218 - Poll 57: Status=in-progress, TranscriptLen=0
2026-08-28T15:55:21.698628 - Poll 58: Status=in-progress, TranscriptLen=0
2026-08-28T15:55:24.395235 - Poll 59: Status=in-progress, TranscriptLen=0
2026-08-28T15:55:27.078540 - Poll 60: Status=in-progress, TranscriptLen=0
2026-08-28T15:55:29.689890 - Poll 61: Status=in-progress, TranscriptLen=0
2026-08-28T15:55:32.341166 - Poll 62: Status=in-progress, TranscriptLen=0
2026-08-28T15:55:35.053303 - Poll 63: Status=in-progress, TranscriptLen=0
2026-08-28T15:55:37.723927 - Poll 64: Status=in-progress, TranscriptLen=0
2026-08-28T15:55:40.597619 - Poll 65: Status=in-progress, TranscriptLen=0
2026-08-28T15:55:43.185729 - Poll 66: Status=in-progress, TranscriptLen=0
2026-08-28T15:55:45.846378 - Poll 67: Status=in-progress, TranscriptLen=0
2026-08-28T15:55:48.565104 - Poll 68: Status=in-progress, TranscriptLen=0
2026-08-28T15:55:51.255542 - Poll 69: Status=in-progress, TranscriptLen=0
2026-08-28T15:55:53.923600 - Poll 70: Status=in-progress, TranscriptLen=0
2026-08-28T15:55:56.593637 - Poll 71: Status=in-progress, TranscriptLen=0
2026-08-28T15:55:59.142465 - Poll 72: Status=in-progress, TranscriptLen=0
2026-08-28T15:56:01.952837 - Poll 73: Status=in-progress, TranscriptLen=0
2026-08-28T15:56:04.722227 - Poll 74: Status=in-progress, TranscriptLen=0
2026-08-28T15:56:07.572748 - Poll 75: Status=in-progress, TranscriptLen=2829
2026-08-28T15:56:10.095163 - Poll 76: Status=call-disconnected, TranscriptLen=2829
2026-08-28T15:56:12.603165 - Poll 77: Status=call-disconnected, TranscriptLen=2829
2026-08-28T15:56:15.100067 - Poll 78: Status=call-disconnected, TranscriptLen=2829
2026-08-28T15:56:17.720023 - Poll 79: Status=call-disconnected, TranscriptLen=2829
2026-08-28T15:56:20.103536 - Poll 80: Status=call-disconnected, TranscriptLen=2829
2026-08-28T15:56:22.827770 - Poll 81: Status=call-disconnected, TranscriptLen=2829
2026-08-28T15:56:25.321624 - Poll 82: Status=call-disconnected, TranscriptLen=2829
2026-08-28T15:56:28.001422 - Poll 83: Status=completed, TranscriptLen=2829
2026-08-28T16:05:12.489623 - Starting polling fallback for Execution f797dd94-9c7a-4eb5-ac06-e42d61817af9 (Lead: bulk_1787933111912_0)
2026-08-28T16:05:14.881170 - Poll 0: Status=ringing, TranscriptLen=0
2026-08-28T16:05:17.542133 - Poll 1: Status=ringing, TranscriptLen=0
2026-08-28T16:05:20.082066 - Poll 2: Status=in-progress, TranscriptLen=0
2026-08-28T16:05:22.883202 - Poll 3: Status=in-progress, TranscriptLen=0
2026-08-28T16:05:25.436198 - Poll 4: Status=in-progress, TranscriptLen=0
2026-08-28T16:05:28.029584 - Poll 5: Status=in-progress, TranscriptLen=0
2026-08-28T16:05:30.885780 - Poll 6: Status=in-progress, TranscriptLen=0
2026-08-28T16:05:33.492720 - Poll 7: Status=in-progress, TranscriptLen=0
2026-08-28T16:05:35.930460 - Poll 8: Status=call-disconnected, TranscriptLen=189
2026-08-28T16:05:38.417210 - Poll 9: Status=call-disconnected, TranscriptLen=189
2026-08-28T16:05:40.901282 - Poll 10: Status=call-disconnected, TranscriptLen=189
2026-08-28T16:05:43.584905 - Poll 11: Status=call-disconnected, TranscriptLen=189
2026-08-28T16:05:46.125327 - Poll 12: Status=call-disconnected, TranscriptLen=189
2026-08-28T16:05:48.691899 - Poll 13: Status=completed, TranscriptLen=189
2026-08-28T16:15:33.624208 - Starting polling fallback for Execution 1f1b0e21-1b70-46e8-91d9-c04ceced6569 (Lead: bulk_1787933732974_0)
2026-08-28T16:15:36.183960 - Poll 0: Status=ringing, TranscriptLen=0
2026-08-28T16:15:38.883685 - Poll 1: Status=ringing, TranscriptLen=0
2026-08-28T16:15:44.155676 - Poll 2: Status=in-progress, TranscriptLen=0
2026-08-28T16:15:46.800458 - Poll 3: Status=in-progress, TranscriptLen=0
2026-08-28T16:15:49.442481 - Poll 4: Status=in-progress, TranscriptLen=0
2026-08-28T16:15:52.098879 - Poll 5: Status=in-progress, TranscriptLen=0
2026-08-28T16:15:54.671095 - Poll 6: Status=in-progress, TranscriptLen=0
2026-08-28T16:15:57.386333 - Poll 7: Status=in-progress, TranscriptLen=0
2026-08-28T16:16:00.115086 - Poll 8: Status=in-progress, TranscriptLen=0
2026-08-28T16:16:02.915218 - Poll 9: Status=in-progress, TranscriptLen=0
2026-08-28T16:16:05.546092 - Poll 10: Status=in-progress, TranscriptLen=0
2026-08-28T16:16:08.138353 - Poll 11: Status=call-disconnected, TranscriptLen=327
2026-08-28T16:16:10.672240 - Poll 12: Status=call-disconnected, TranscriptLen=327
2026-08-28T16:16:13.381008 - Poll 13: Status=call-disconnected, TranscriptLen=327
2026-08-28T16:16:15.905678 - Poll 14: Status=call-disconnected, TranscriptLen=327
2026-08-28T16:16:18.544931 - Poll 15: Status=call-disconnected, TranscriptLen=327
2026-08-28T16:16:21.121877 - Poll 16: Status=completed, TranscriptLen=327
2026-08-28T16:30:02.913971 - Starting polling fallback for Execution 59ce5357-b6b3-4b4b-ad7c-4891fbc3b861 (Lead: bulk_1787934601990_0)
2026-08-28T16:30:05.291906 - Poll 0: Status=initiated, TranscriptLen=0
2026-08-28T16:30:07.836072 - Poll 1: Status=ringing, TranscriptLen=0
2026-08-28T16:30:10.336216 - Poll 2: Status=in-progress, TranscriptLen=0
2026-08-28T16:30:12.872907 - Poll 3: Status=in-progress, TranscriptLen=0
2026-08-28T16:30:15.367665 - Poll 4: Status=in-progress, TranscriptLen=0
2026-08-28T16:30:17.884899 - Poll 5: Status=in-progress, TranscriptLen=0
2026-08-28T16:30:20.324486 - Poll 6: Status=in-progress, TranscriptLen=0
2026-08-28T16:30:22.857410 - Poll 7: Status=in-progress, TranscriptLen=0
2026-08-28T16:30:25.333288 - Poll 8: Status=in-progress, TranscriptLen=0
2026-08-28T16:30:27.883126 - Poll 9: Status=in-progress, TranscriptLen=0
2026-08-28T16:30:30.364191 - Poll 10: Status=in-progress, TranscriptLen=0
2026-08-28T16:32:18.788831 - Poll 11: Status=in-progress, TranscriptLen=0
2026-08-28T16:32:21.255739 - Poll 12: Status=call-disconnected, TranscriptLen=1667
2026-08-28T16:32:25.399714 - Poll 13: Status=call-disconnected, TranscriptLen=1667
2026-08-28T16:32:27.819460 - Poll 14: Status=call-disconnected, TranscriptLen=1667
2026-08-28T16:32:37.818671 - Poll 15: Status=completed, TranscriptLen=1667
2026-08-28T16:58:54.596901 - Starting polling fallback for Execution 4ff4467f-1615-4782-bd1e-66ec1b908a2b (Lead: d991ddf1-5f23-4c8e-8599-1e6d9b69be04)
2026-08-28T16:58:57.044805 - Poll 0: Status=ringing, TranscriptLen=0
2026-08-28T16:58:59.653160 - Poll 1: Status=ringing, TranscriptLen=0
2026-08-28T16:59:02.260138 - Poll 2: Status=ringing, TranscriptLen=0
2026-08-28T16:59:04.823072 - Poll 3: Status=ringing, TranscriptLen=0
2026-08-28T16:59:07.343564 - Poll 4: Status=in-progress, TranscriptLen=0
2026-08-28T16:59:09.902331 - Poll 5: Status=in-progress, TranscriptLen=0
2026-08-28T16:59:12.466996 - Poll 6: Status=in-progress, TranscriptLen=0
2026-08-28T16:59:15.110471 - Poll 7: Status=in-progress, TranscriptLen=0
2026-08-28T16:59:17.636887 - Poll 8: Status=in-progress, TranscriptLen=0
2026-08-28T16:59:20.196583 - Poll 9: Status=in-progress, TranscriptLen=0
2026-08-28T16:59:22.779136 - Poll 10: Status=in-progress, TranscriptLen=0
2026-08-28T16:59:25.482079 - Poll 11: Status=in-progress, TranscriptLen=0
2026-08-28T16:59:28.021260 - Poll 12: Status=in-progress, TranscriptLen=0
2026-08-28T16:59:30.684142 - Poll 13: Status=in-progress, TranscriptLen=0
2026-08-28T16:59:33.142620 - Poll 14: Status=in-progress, TranscriptLen=0
2026-08-28T16:59:35.667928 - Poll 15: Status=in-progress, TranscriptLen=0
2026-08-28T16:59:38.106104 - Poll 16: Status=in-progress, TranscriptLen=0
2026-08-28T16:59:40.611497 - Poll 17: Status=in-progress, TranscriptLen=0
2026-08-28T16:59:43.100704 - Poll 18: Status=in-progress, TranscriptLen=0
2026-08-28T16:59:45.636345 - Poll 19: Status=in-progress, TranscriptLen=0
2026-08-28T16:59:48.138693 - Poll 20: Status=in-progress, TranscriptLen=0
2026-08-28T16:59:50.656942 - Poll 21: Status=in-progress, TranscriptLen=0
2026-08-28T16:59:53.169486 - Poll 22: Status=in-progress, TranscriptLen=0
2026-08-28T16:59:55.690419 - Poll 23: Status=in-progress, TranscriptLen=0
2026-08-28T16:59:58.183652 - Poll 24: Status=in-progress, TranscriptLen=0
2026-08-28T17:00:00.836450 - Poll 25: Status=in-progress, TranscriptLen=0
2026-08-28T17:00:03.488937 - Poll 26: Status=in-progress, TranscriptLen=0
2026-08-28T17:00:06.004746 - Poll 27: Status=in-progress, TranscriptLen=0
2026-08-28T17:00:08.424885 - Poll 28: Status=in-progress, TranscriptLen=0
2026-08-28T17:00:10.963145 - Poll 29: Status=in-progress, TranscriptLen=0
2026-08-28T17:00:13.450530 - Poll 30: Status=in-progress, TranscriptLen=0
2026-08-28T17:00:16.011374 - Poll 31: Status=in-progress, TranscriptLen=0
2026-08-28T17:00:18.612041 - Poll 32: Status=in-progress, TranscriptLen=0
2026-08-28T17:00:21.165163 - Poll 33: Status=in-progress, TranscriptLen=0
2026-08-28T17:00:23.715092 - Poll 34: Status=in-progress, TranscriptLen=0
2026-08-28T17:00:26.371746 - Poll 35: Status=in-progress, TranscriptLen=0
2026-08-28T17:00:28.896908 - Poll 36: Status=in-progress, TranscriptLen=0
2026-08-28T17:00:31.635766 - Poll 37: Status=in-progress, TranscriptLen=0
2026-08-28T17:00:34.163480 - Poll 38: Status=in-progress, TranscriptLen=0
2026-08-28T17:00:36.690391 - Poll 39: Status=in-progress, TranscriptLen=0
2026-08-28T17:00:39.292207 - Poll 40: Status=in-progress, TranscriptLen=0
2026-08-28T17:00:41.910901 - Poll 41: Status=in-progress, TranscriptLen=0
2026-08-28T17:00:44.366952 - Poll 42: Status=in-progress, TranscriptLen=0
2026-08-28T17:00:47.007752 - Poll 43: Status=in-progress, TranscriptLen=0
2026-08-28T17:00:49.603546 - Poll 44: Status=in-progress, TranscriptLen=0
2026-08-28T17:00:52.268349 - Poll 45: Status=in-progress, TranscriptLen=0
2026-08-28T17:00:54.727639 - Poll 46: Status=in-progress, TranscriptLen=0
2026-08-28T17:00:57.425056 - Poll 47: Status=in-progress, TranscriptLen=0
2026-08-28T17:01:00.105572 - Poll 48: Status=in-progress, TranscriptLen=0
2026-08-28T17:01:02.804134 - Poll 49: Status=in-progress, TranscriptLen=0
2026-08-28T17:01:05.351638 - Poll 50: Status=in-progress, TranscriptLen=0
2026-08-28T17:01:07.937429 - Poll 51: Status=in-progress, TranscriptLen=0
2026-08-28T17:01:10.542156 - Poll 52: Status=in-progress, TranscriptLen=0
2026-08-28T17:01:13.269197 - Poll 53: Status=in-progress, TranscriptLen=0
2026-08-28T17:01:15.791785 - Poll 54: Status=in-progress, TranscriptLen=0
2026-08-28T17:01:18.469379 - Poll 55: Status=in-progress, TranscriptLen=0
2026-08-28T17:01:21.012417 - Poll 56: Status=in-progress, TranscriptLen=0
2026-08-28T17:01:23.551496 - Poll 57: Status=call-disconnected, TranscriptLen=2056
2026-08-28T17:01:25.981037 - Poll 58: Status=call-disconnected, TranscriptLen=2056
2026-08-28T17:01:28.519484 - Poll 59: Status=call-disconnected, TranscriptLen=2056
2026-08-28T17:01:30.999435 - Poll 60: Status=call-disconnected, TranscriptLen=2056
2026-08-28T17:01:33.455156 - Poll 61: Status=call-disconnected, TranscriptLen=2056
2026-08-28T17:01:35.997658 - Poll 62: Status=call-disconnected, TranscriptLen=2056
2026-08-28T17:01:38.558692 - Poll 63: Status=completed, TranscriptLen=2056
2026-08-29T06:40:25.051110 - Starting polling fallback for Execution 9d647e77-2cf3-4ff4-9c35-94ee5ffc77fe (Lead: 5f842557-2cb0-4470-b522-281a92ae5c57)
2026-08-29T06:40:26.034265 - Starting polling fallback for Execution ef497364-4975-4f56-b1ca-ce5c92a42697 (Lead: 7de98577-69e1-48f1-80ec-237b80197c74)
2026-08-29T06:40:27.002655 - Starting polling fallback for Execution ea03711c-c035-43db-9a2c-fbc9336193e1 (Lead: a8a0276e-3f1f-4fc9-a119-789f82c9304e)
2026-08-29T06:40:27.369083 - Poll 0: Status=initiated, TranscriptLen=0
2026-08-29T06:40:28.085613 - Starting polling fallback for Execution 9769d098-e1fa-4855-9d28-55cbe4f79323 (Lead: 02ec61be-9edc-4196-818b-313c67d2996d)
2026-08-29T06:40:28.400287 - Poll 0: Status=ringing, TranscriptLen=0
2026-08-29T06:40:29.427665 - Poll 0: Status=ringing, TranscriptLen=0
2026-08-29T06:40:29.843556 - Poll 1: Status=initiated, TranscriptLen=0
2026-08-29T06:40:30.344816 - Starting polling fallback for Execution c93fddab-9159-48bd-bf4d-7428e21c9d28 (Lead: 2cae7f31-e06e-48f8-ac3c-cdf406e9798a)
2026-08-29T06:40:30.527272 - Poll 0: Status=ringing, TranscriptLen=0
2026-08-29T06:40:30.886852 - Poll 1: Status=ringing, TranscriptLen=0
2026-08-29T06:40:32.034051 - Poll 1: Status=ringing, TranscriptLen=0
2026-08-29T06:40:32.784778 - Poll 0: Status=ringing, TranscriptLen=0
2026-08-29T06:40:32.867986 - Poll 2: Status=initiated, TranscriptLen=0
2026-08-29T06:40:33.016742 - Poll 1: Status=ringing, TranscriptLen=0
2026-08-29T06:40:33.426749 - Poll 2: Status=ringing, TranscriptLen=0
2026-08-29T06:40:34.482889 - Poll 2: Status=ringing, TranscriptLen=0
2026-08-29T06:40:35.315597 - Poll 1: Status=ringing, TranscriptLen=0
2026-08-29T06:40:35.499582 - Poll 3: Status=ringing, TranscriptLen=0
2026-08-29T06:40:35.532814 - Poll 2: Status=ringing, TranscriptLen=0
2026-08-29T06:40:35.945479 - Poll 3: Status=in-progress, TranscriptLen=0
2026-08-29T06:40:37.094362 - Poll 3: Status=ringing, TranscriptLen=0
2026-08-29T06:40:37.849741 - Poll 2: Status=ringing, TranscriptLen=0
2026-08-29T06:40:38.049396 - Poll 3: Status=ringing, TranscriptLen=0
2026-08-29T06:40:38.060320 - Poll 4: Status=ringing, TranscriptLen=0
2026-08-29T06:40:38.453285 - Poll 4: Status=in-progress, TranscriptLen=0
2026-08-29T06:40:39.616371 - Poll 4: Status=in-progress, TranscriptLen=0
2026-08-29T06:40:40.389505 - Poll 3: Status=ringing, TranscriptLen=0
2026-08-29T06:40:40.599600 - Poll 5: Status=ringing, TranscriptLen=0
2026-08-29T06:40:40.615963 - Poll 4: Status=ringing, TranscriptLen=0
2026-08-29T06:40:40.900000 - Poll 5: Status=in-progress, TranscriptLen=0
2026-08-29T06:40:42.131688 - Poll 5: Status=in-progress, TranscriptLen=0
2026-08-29T06:40:42.943924 - Poll 4: Status=ringing, TranscriptLen=0
2026-08-29T06:40:43.082148 - Poll 6: Status=ringing, TranscriptLen=0
2026-08-29T06:40:43.176277 - Poll 5: Status=ringing, TranscriptLen=0
2026-08-29T06:40:43.393021 - Poll 6: Status=in-progress, TranscriptLen=0
2026-08-29T06:40:44.609583 - Poll 6: Status=in-progress, TranscriptLen=0
2026-08-29T06:40:45.532356 - Poll 5: Status=ringing, TranscriptLen=0
2026-08-29T06:40:45.598358 - Poll 7: Status=ringing, TranscriptLen=0
2026-08-29T06:40:45.699098 - Poll 6: Status=busy, TranscriptLen=0
2026-08-29T06:40:45.882191 - Poll 7: Status=in-progress, TranscriptLen=0
2026-08-29T06:40:47.127029 - Poll 7: Status=in-progress, TranscriptLen=0
2026-08-29T06:40:48.032781 - Poll 6: Status=ringing, TranscriptLen=0
2026-08-29T06:40:48.132125 - Poll 8: Status=ringing, TranscriptLen=0
2026-08-29T06:40:48.443718 - Poll 8: Status=in-progress, TranscriptLen=0
2026-08-29T06:40:49.625897 - Poll 8: Status=in-progress, TranscriptLen=0
2026-08-29T06:40:50.565640 - Poll 7: Status=ringing, TranscriptLen=0
2026-08-29T06:40:50.599077 - Poll 9: Status=ringing, TranscriptLen=0
2026-08-29T06:40:50.932182 - Poll 9: Status=in-progress, TranscriptLen=0
2026-08-29T06:40:52.103561 - Poll 9: Status=in-progress, TranscriptLen=0
2026-08-29T06:40:53.103726 - Poll 8: Status=ringing, TranscriptLen=0
2026-08-29T06:40:53.111496 - Poll 10: Status=ringing, TranscriptLen=0
2026-08-29T06:40:53.412265 - Poll 10: Status=in-progress, TranscriptLen=0
2026-08-29T06:40:54.567082 - Poll 10: Status=in-progress, TranscriptLen=0
2026-08-29T06:40:55.716390 - Poll 9: Status=ringing, TranscriptLen=0
2026-08-29T06:40:55.732906 - Poll 11: Status=ringing, TranscriptLen=0
2026-08-29T06:40:55.853625 - Poll 11: Status=in-progress, TranscriptLen=0
2026-08-29T06:40:57.099097 - Poll 11: Status=in-progress, TranscriptLen=0
2026-08-29T06:40:58.203708 - Poll 12: Status=ringing, TranscriptLen=0
2026-08-29T06:40:58.203708 - Poll 10: Status=busy, TranscriptLen=0
2026-08-29T06:40:58.308771 - Poll 12: Status=in-progress, TranscriptLen=0
2026-08-29T06:40:59.621332 - Poll 12: Status=in-progress, TranscriptLen=0
2026-08-29T06:41:00.790201 - Poll 13: Status=busy, TranscriptLen=0
2026-08-29T06:41:00.820487 - Poll 13: Status=in-progress, TranscriptLen=0
2026-08-29T06:41:02.171071 - Poll 13: Status=in-progress, TranscriptLen=0
2026-08-29T06:41:03.332716 - Poll 14: Status=in-progress, TranscriptLen=0
2026-08-29T06:41:04.642383 - Poll 14: Status=in-progress, TranscriptLen=0
2026-08-29T06:41:05.883350 - Poll 15: Status=in-progress, TranscriptLen=0
2026-08-29T06:41:07.103439 - Poll 15: Status=in-progress, TranscriptLen=0
2026-08-29T06:41:08.308566 - Poll 16: Status=in-progress, TranscriptLen=0
2026-08-29T06:41:09.603024 - Poll 16: Status=in-progress, TranscriptLen=0
2026-08-29T06:41:10.772639 - Poll 17: Status=in-progress, TranscriptLen=0
2026-08-29T06:41:12.031768 - Poll 17: Status=in-progress, TranscriptLen=0
2026-08-29T06:41:13.247319 - Poll 18: Status=in-progress, TranscriptLen=0
2026-08-29T06:41:14.487766 - Poll 18: Status=in-progress, TranscriptLen=0
2026-08-29T06:41:15.682037 - Poll 19: Status=in-progress, TranscriptLen=0
2026-08-29T06:41:16.998101 - Poll 19: Status=in-progress, TranscriptLen=0
2026-08-29T06:41:18.198041 - Poll 20: Status=in-progress, TranscriptLen=0
2026-08-29T06:41:19.514727 - Poll 20: Status=in-progress, TranscriptLen=0
2026-08-29T06:41:20.725564 - Poll 21: Status=in-progress, TranscriptLen=0
2026-08-29T06:41:21.965373 - Poll 21: Status=in-progress, TranscriptLen=0
2026-08-29T06:41:23.231349 - Poll 22: Status=in-progress, TranscriptLen=0
2026-08-29T06:41:24.514736 - Poll 22: Status=in-progress, TranscriptLen=0
2026-08-29T06:41:25.682002 - Poll 23: Status=in-progress, TranscriptLen=0
2026-08-29T06:41:27.046873 - Poll 23: Status=call-disconnected, TranscriptLen=667
2026-08-29T06:41:28.163543 - Poll 24: Status=in-progress, TranscriptLen=0
2026-08-29T06:41:29.565217 - Poll 24: Status=call-disconnected, TranscriptLen=667
2026-08-29T06:41:30.749868 - Poll 25: Status=in-progress, TranscriptLen=0
2026-08-29T06:41:32.097258 - Poll 25: Status=call-disconnected, TranscriptLen=667
2026-08-29T06:41:33.282196 - Poll 26: Status=in-progress, TranscriptLen=0
2026-08-29T06:41:34.570886 - Poll 26: Status=completed, TranscriptLen=667
2026-08-29T06:41:35.790013 - Poll 27: Status=in-progress, TranscriptLen=0
2026-08-29T06:41:38.320544 - Poll 28: Status=in-progress, TranscriptLen=0
2026-08-29T06:41:40.780791 - Poll 29: Status=in-progress, TranscriptLen=0
2026-08-29T06:41:43.291279 - Poll 30: Status=in-progress, TranscriptLen=0
2026-08-29T06:41:45.763799 - Poll 31: Status=in-progress, TranscriptLen=0
2026-08-29T06:41:48.364610 - Poll 32: Status=in-progress, TranscriptLen=0
2026-08-29T06:41:50.914963 - Poll 33: Status=in-progress, TranscriptLen=0
2026-08-29T06:41:53.380829 - Poll 34: Status=in-progress, TranscriptLen=0
2026-08-29T06:41:55.840621 - Poll 35: Status=in-progress, TranscriptLen=0
2026-08-29T06:41:58.409118 - Poll 36: Status=in-progress, TranscriptLen=0
2026-08-29T06:42:00.864726 - Poll 37: Status=in-progress, TranscriptLen=0
2026-08-29T06:42:03.482937 - Poll 38: Status=in-progress, TranscriptLen=0
2026-08-29T06:42:06.007139 - Poll 39: Status=in-progress, TranscriptLen=0
2026-08-29T06:42:08.607189 - Poll 40: Status=in-progress, TranscriptLen=0
2026-08-29T06:42:11.122808 - Poll 41: Status=in-progress, TranscriptLen=0
2026-08-29T06:42:13.640127 - Poll 42: Status=in-progress, TranscriptLen=0
2026-08-29T06:42:16.121045 - Poll 43: Status=in-progress, TranscriptLen=0
2026-08-29T06:42:18.645621 - Poll 44: Status=in-progress, TranscriptLen=0
2026-08-29T06:42:21.162550 - Poll 45: Status=in-progress, TranscriptLen=0
2026-08-29T06:42:23.744595 - Poll 46: Status=in-progress, TranscriptLen=0
2026-08-29T06:42:26.378968 - Poll 47: Status=in-progress, TranscriptLen=0
2026-08-29T06:42:28.965695 - Poll 48: Status=in-progress, TranscriptLen=0
2026-08-29T06:42:31.464172 - Poll 49: Status=in-progress, TranscriptLen=0
2026-08-29T06:42:34.079257 - Poll 50: Status=in-progress, TranscriptLen=0
2026-08-29T06:42:36.622707 - Poll 51: Status=in-progress, TranscriptLen=0
2026-08-29T06:42:39.138657 - Poll 52: Status=call-disconnected, TranscriptLen=1839
2026-08-29T06:42:41.503505 - Poll 53: Status=call-disconnected, TranscriptLen=1839
2026-08-29T06:42:44.090891 - Poll 54: Status=call-disconnected, TranscriptLen=1839
2026-08-29T06:42:46.566182 - Poll 55: Status=completed, TranscriptLen=1839
2026-08-31T14:14:09.945719 - Starting polling fallback for Execution d3784eca-3e0f-418a-a03d-64b96a1a3084 (Lead: test-agent-call-1788185649181)
2026-08-31T14:14:12.458999 - Poll 0: Status=ringing, TranscriptLen=0
2026-08-31T14:14:15.056782 - Poll 1: Status=ringing, TranscriptLen=0
2026-08-31T14:14:17.581008 - Poll 2: Status=in-progress, TranscriptLen=0
2026-08-31T14:14:20.126159 - Poll 3: Status=in-progress, TranscriptLen=0
2026-08-31T14:14:22.648653 - Poll 4: Status=in-progress, TranscriptLen=0
2026-08-31T14:14:25.063902 - Poll 5: Status=in-progress, TranscriptLen=0
2026-08-31T14:14:27.616996 - Poll 6: Status=in-progress, TranscriptLen=0
2026-08-31T14:14:30.104577 - Poll 7: Status=in-progress, TranscriptLen=0
2026-08-31T14:14:32.565896 - Poll 8: Status=in-progress, TranscriptLen=0
2026-08-31T14:14:35.009551 - Poll 9: Status=in-progress, TranscriptLen=0
2026-08-31T14:15:23.733322 - Poll 10: Status=completed, TranscriptLen=157
2026-08-31T15:14:05.843742 - Starting polling fallback for Execution 49f3f9bb-af9a-48d2-87c4-31835566f362 (Lead: quick-call-1788189244628)
2026-08-31T15:14:08.244511 - Poll 0: Status=ringing, TranscriptLen=0
2026-08-31T15:14:10.871362 - Poll 1: Status=ringing, TranscriptLen=0
2026-08-31T15:14:13.431901 - Poll 2: Status=ringing, TranscriptLen=0
2026-08-31T15:14:16.341620 - Poll 3: Status=in-progress, TranscriptLen=0
2026-08-31T15:14:18.882733 - Poll 4: Status=in-progress, TranscriptLen=0
2026-08-31T15:14:21.542496 - Poll 5: Status=in-progress, TranscriptLen=0
2026-08-31T15:15:06.919815 - Poll 6: Status=call-disconnected, TranscriptLen=538
2026-08-31T15:15:09.370974 - Poll 7: Status=call-disconnected, TranscriptLen=538
2026-08-31T15:15:11.919328 - Poll 8: Status=call-disconnected, TranscriptLen=538
2026-08-31T15:15:14.390009 - Poll 9: Status=completed, TranscriptLen=538
2026-08-31T15:15:16.094153 - Starting polling fallback for Execution 8fcf6907-9ee3-4071-9ebd-1efe5208eb59 (Lead: quick-call-1788189314811)
2026-08-31T15:15:18.709277 - Poll 0: Status=ringing, TranscriptLen=0
2026-08-31T15:15:21.324058 - Poll 1: Status=ringing, TranscriptLen=0
2026-08-31T15:15:23.975722 - Poll 2: Status=in-progress, TranscriptLen=0
2026-08-31T15:15:27.235004 - Poll 3: Status=in-progress, TranscriptLen=0
2026-08-31T15:15:29.958942 - Poll 4: Status=in-progress, TranscriptLen=0
2026-08-31T15:15:32.541497 - Poll 5: Status=in-progress, TranscriptLen=0
2026-08-31T15:15:35.160317 - Poll 6: Status=in-progress, TranscriptLen=0
2026-08-31T15:15:37.761312 - Poll 7: Status=in-progress, TranscriptLen=0
2026-08-31T15:15:40.469463 - Poll 8: Status=in-progress, TranscriptLen=0
2026-08-31T15:15:43.180629 - Poll 9: Status=in-progress, TranscriptLen=0
2026-08-31T15:15:45.902098 - Poll 10: Status=in-progress, TranscriptLen=0
2026-08-31T15:15:48.567634 - Poll 11: Status=in-progress, TranscriptLen=0
2026-08-31T15:15:51.224322 - Poll 12: Status=in-progress, TranscriptLen=0
2026-08-31T15:15:53.900242 - Poll 13: Status=in-progress, TranscriptLen=0
2026-08-31T15:15:56.608130 - Poll 14: Status=in-progress, TranscriptLen=0
2026-08-31T15:15:59.221862 - Poll 15: Status=in-progress, TranscriptLen=0
2026-08-31T15:16:02.002948 - Poll 16: Status=in-progress, TranscriptLen=0
2026-08-31T15:16:04.683643 - Poll 17: Status=in-progress, TranscriptLen=0
2026-08-31T15:16:07.344066 - Poll 18: Status=in-progress, TranscriptLen=0
2026-08-31T15:16:09.924090 - Poll 19: Status=in-progress, TranscriptLen=0
2026-08-31T15:16:12.590915 - Poll 20: Status=in-progress, TranscriptLen=0
2026-08-31T15:16:15.101029 - Poll 21: Status=in-progress, TranscriptLen=0
2026-08-31T15:16:17.790062 - Poll 22: Status=in-progress, TranscriptLen=0
2026-08-31T15:16:20.309651 - Poll 23: Status=in-progress, TranscriptLen=0
2026-08-31T15:16:22.968254 - Poll 24: Status=in-progress, TranscriptLen=0
2026-08-31T15:16:25.523620 - Poll 25: Status=in-progress, TranscriptLen=0
2026-08-31T15:16:28.231530 - Poll 26: Status=in-progress, TranscriptLen=0
2026-08-31T15:16:30.919170 - Poll 27: Status=in-progress, TranscriptLen=0
2026-08-31T15:16:33.661142 - Poll 28: Status=in-progress, TranscriptLen=0
2026-08-31T15:16:36.373002 - Poll 29: Status=in-progress, TranscriptLen=0
2026-08-31T15:16:39.100735 - Poll 30: Status=in-progress, TranscriptLen=0
2026-08-31T15:16:41.773799 - Poll 31: Status=in-progress, TranscriptLen=0
2026-08-31T15:16:44.493430 - Poll 32: Status=in-progress, TranscriptLen=0
2026-08-31T15:16:47.194569 - Poll 33: Status=in-progress, TranscriptLen=0
2026-08-31T15:16:50.058830 - Poll 34: Status=in-progress, TranscriptLen=0
2026-08-31T15:16:52.682965 - Poll 35: Status=in-progress, TranscriptLen=0
2026-08-31T15:16:55.465637 - Poll 36: Status=in-progress, TranscriptLen=0
2026-08-31T15:16:58.024887 - Poll 37: Status=call-disconnected, TranscriptLen=1505
2026-08-31T15:17:00.578361 - Poll 38: Status=call-disconnected, TranscriptLen=1505
2026-08-31T15:17:03.083352 - Poll 39: Status=call-disconnected, TranscriptLen=1505
2026-08-31T15:17:05.605159 - Poll 40: Status=call-disconnected, TranscriptLen=1505
2026-08-31T15:17:08.147918 - Poll 41: Status=call-disconnected, TranscriptLen=1505
2026-08-31T15:17:10.705799 - Poll 42: Status=call-disconnected, TranscriptLen=1505
2026-08-31T15:17:13.201527 - Poll 43: Status=call-disconnected, TranscriptLen=1505
2026-08-31T15:17:15.729190 - Poll 44: Status=completed, TranscriptLen=1505
2026-08-31T15:30:17.261189 - Starting polling fallback for Execution 5ab12bb8-a173-4012-b4c2-ed8ac1add101 (Lead: dac5158d-886a-49dc-b894-8c461a71fb45)
2026-08-31T15:30:19.751709 - Poll 0: Status=ringing, TranscriptLen=0
2026-08-31T15:30:22.353048 - Poll 1: Status=ringing, TranscriptLen=0
2026-08-31T15:30:24.866777 - Poll 2: Status=in-progress, TranscriptLen=0
2026-08-31T15:30:27.478012 - Poll 3: Status=in-progress, TranscriptLen=0
2026-08-31T15:30:29.906702 - Poll 4: Status=in-progress, TranscriptLen=0
2026-08-31T15:30:32.479694 - Poll 5: Status=in-progress, TranscriptLen=0
2026-08-31T15:30:34.989344 - Poll 6: Status=in-progress, TranscriptLen=0
2026-08-31T15:30:37.585190 - Poll 7: Status=in-progress, TranscriptLen=0
2026-08-31T15:30:40.084200 - Poll 8: Status=call-disconnected, TranscriptLen=195
2026-08-31T15:30:42.608543 - Poll 9: Status=call-disconnected, TranscriptLen=195
2026-08-31T15:30:45.070503 - Poll 10: Status=call-disconnected, TranscriptLen=195
2026-08-31T15:30:47.624850 - Poll 11: Status=call-disconnected, TranscriptLen=195
2026-08-31T15:30:50.062705 - Poll 12: Status=call-disconnected, TranscriptLen=195
2026-08-31T15:30:52.609168 - Poll 13: Status=call-disconnected, TranscriptLen=195
2026-08-31T15:30:55.066995 - Poll 14: Status=completed, TranscriptLen=195
2026-08-31T15:33:10.435563 - Starting polling fallback for Execution 83c507d8-e409-41ef-a960-ecffc1513264 (Lead: 3bd38c55-ce05-4ebb-8801-3cb1387d79b2)
2026-08-31T15:33:12.907443 - Poll 0: Status=ringing, TranscriptLen=0
2026-08-31T15:33:15.499772 - Poll 1: Status=ringing, TranscriptLen=0
2026-08-31T15:33:17.941818 - Poll 2: Status=in-progress, TranscriptLen=0
2026-08-31T15:33:20.511603 - Poll 3: Status=in-progress, TranscriptLen=0
2026-08-31T15:33:22.976865 - Poll 4: Status=in-progress, TranscriptLen=0
2026-08-31T15:33:25.529649 - Poll 5: Status=in-progress, TranscriptLen=0
2026-08-31T15:33:28.093650 - Poll 6: Status=in-progress, TranscriptLen=0
2026-08-31T15:33:30.668291 - Poll 7: Status=in-progress, TranscriptLen=0
2026-08-31T15:33:33.159023 - Poll 8: Status=in-progress, TranscriptLen=0
2026-08-31T15:33:35.775423 - Poll 9: Status=in-progress, TranscriptLen=0
2026-08-31T15:33:38.270922 - Poll 10: Status=in-progress, TranscriptLen=0
2026-08-31T15:33:40.827372 - Poll 11: Status=in-progress, TranscriptLen=0
2026-08-31T15:33:43.355174 - Poll 12: Status=in-progress, TranscriptLen=0
2026-08-31T15:33:45.925092 - Poll 13: Status=in-progress, TranscriptLen=0
2026-08-31T15:33:48.509015 - Poll 14: Status=in-progress, TranscriptLen=0
2026-08-31T15:33:51.060412 - Poll 15: Status=in-progress, TranscriptLen=0
2026-08-31T15:33:53.584373 - Poll 16: Status=in-progress, TranscriptLen=0
2026-08-31T15:33:56.220824 - Poll 17: Status=in-progress, TranscriptLen=0
2026-08-31T15:33:58.698936 - Poll 18: Status=in-progress, TranscriptLen=0
2026-08-31T15:34:01.176659 - Poll 19: Status=in-progress, TranscriptLen=0
2026-08-31T15:34:03.663328 - Poll 20: Status=in-progress, TranscriptLen=0
2026-08-31T15:34:06.343064 - Poll 21: Status=in-progress, TranscriptLen=0
2026-08-31T15:34:08.839769 - Poll 22: Status=in-progress, TranscriptLen=0
2026-08-31T15:34:11.440826 - Poll 23: Status=in-progress, TranscriptLen=0
2026-08-31T15:34:13.978742 - Poll 24: Status=in-progress, TranscriptLen=0
2026-08-31T15:34:16.542479 - Poll 25: Status=in-progress, TranscriptLen=0
2026-08-31T15:34:19.065415 - Poll 26: Status=in-progress, TranscriptLen=0
2026-08-31T15:34:21.657416 - Poll 27: Status=in-progress, TranscriptLen=0
2026-08-31T15:34:24.178482 - Poll 28: Status=in-progress, TranscriptLen=0
2026-08-31T15:34:26.705246 - Poll 29: Status=in-progress, TranscriptLen=0
2026-08-31T15:34:29.237458 - Poll 30: Status=in-progress, TranscriptLen=0
2026-08-31T15:34:31.823647 - Poll 31: Status=in-progress, TranscriptLen=0
2026-08-31T15:34:34.344167 - Poll 32: Status=in-progress, TranscriptLen=0
2026-08-31T15:34:36.894449 - Poll 33: Status=in-progress, TranscriptLen=0
2026-08-31T15:34:39.389994 - Poll 34: Status=in-progress, TranscriptLen=0
2026-08-31T15:34:42.026635 - Poll 35: Status=in-progress, TranscriptLen=0
2026-08-31T15:34:44.556196 - Poll 36: Status=in-progress, TranscriptLen=0
2026-08-31T15:34:47.241087 - Poll 37: Status=in-progress, TranscriptLen=0
2026-08-31T15:34:49.822052 - Poll 38: Status=in-progress, TranscriptLen=0
2026-08-31T15:34:52.433745 - Poll 39: Status=in-progress, TranscriptLen=0
2026-08-31T15:34:54.979777 - Poll 40: Status=in-progress, TranscriptLen=0
2026-08-31T15:34:57.557739 - Poll 41: Status=in-progress, TranscriptLen=0
2026-08-31T15:35:00.096867 - Poll 42: Status=in-progress, TranscriptLen=0
2026-08-31T15:35:02.701724 - Poll 43: Status=in-progress, TranscriptLen=0
2026-08-31T15:35:05.212407 - Poll 44: Status=in-progress, TranscriptLen=0
2026-08-31T15:35:07.756644 - Poll 45: Status=in-progress, TranscriptLen=0
2026-08-31T15:35:10.287817 - Poll 46: Status=in-progress, TranscriptLen=0
2026-08-31T15:35:12.872760 - Poll 47: Status=in-progress, TranscriptLen=0
2026-08-31T15:35:15.466715 - Poll 48: Status=in-progress, TranscriptLen=0
2026-08-31T15:35:18.066902 - Poll 49: Status=in-progress, TranscriptLen=0
2026-08-31T15:35:20.543725 - Poll 50: Status=in-progress, TranscriptLen=0
2026-08-31T15:35:23.084009 - Poll 51: Status=in-progress, TranscriptLen=0
2026-08-31T15:35:25.584374 - Poll 52: Status=in-progress, TranscriptLen=0
2026-08-31T15:35:28.186387 - Poll 53: Status=in-progress, TranscriptLen=0
2026-08-31T15:35:30.655299 - Poll 54: Status=call-disconnected, TranscriptLen=1945
2026-08-31T15:35:33.114136 - Poll 55: Status=call-disconnected, TranscriptLen=1945
2026-08-31T15:35:35.574411 - Poll 56: Status=call-disconnected, TranscriptLen=1945
2026-08-31T15:35:38.018107 - Poll 57: Status=call-disconnected, TranscriptLen=1945
2026-08-31T15:35:40.513682 - Poll 58: Status=call-disconnected, TranscriptLen=1945
2026-08-31T15:35:42.921897 - Poll 59: Status=call-disconnected, TranscriptLen=1945
2026-08-31T15:35:45.404620 - Poll 60: Status=call-disconnected, TranscriptLen=1945
2026-08-31T15:35:47.848980 - Poll 61: Status=completed, TranscriptLen=1945
2026-08-31T16:08:17.390064 - Starting polling fallback for Execution 534ddc32-ff3f-4005-9212-dca9beeb16ce (Lead: 606d1fad-2679-4321-9a02-f73b30911438)
2026-08-31T16:08:19.815036 - Poll 0: Status=ringing, TranscriptLen=0
2026-08-31T16:08:22.458002 - Poll 1: Status=ringing, TranscriptLen=0
2026-08-31T16:08:24.884006 - Poll 2: Status=ringing, TranscriptLen=0
2026-08-31T16:08:27.351872 - Poll 3: Status=ringing, TranscriptLen=0
2026-08-31T16:08:29.804557 - Poll 4: Status=ringing, TranscriptLen=0
2026-08-31T16:08:32.266346 - Poll 5: Status=ringing, TranscriptLen=0
2026-08-31T16:08:34.762503 - Poll 6: Status=ringing, TranscriptLen=0
2026-08-31T16:08:37.273104 - Poll 7: Status=ringing, TranscriptLen=0
2026-08-31T16:08:39.789211 - Poll 8: Status=ringing, TranscriptLen=0
2026-08-31T16:08:54.723477 - Poll 9: Status=busy, TranscriptLen=0
2026-08-31T17:00:10.406088 - Starting polling fallback for Execution f95b02bc-5473-4393-b830-ba7a13111b10 (Lead: 05cd6663-374e-4eef-9e2b-e5c2296b00ab)
2026-08-31T17:00:12.813948 - Poll 0: Status=ringing, TranscriptLen=0
2026-08-31T17:00:15.430593 - Poll 1: Status=ringing, TranscriptLen=0
2026-08-31T17:00:17.871562 - Poll 2: Status=in-progress, TranscriptLen=0
2026-08-31T17:00:20.354188 - Poll 3: Status=in-progress, TranscriptLen=0
2026-08-31T17:00:22.787695 - Poll 4: Status=in-progress, TranscriptLen=0
2026-08-31T17:00:25.315351 - Poll 5: Status=in-progress, TranscriptLen=0
2026-08-31T17:00:27.750747 - Poll 6: Status=in-progress, TranscriptLen=0
2026-08-31T17:00:30.240398 - Poll 7: Status=in-progress, TranscriptLen=0
2026-08-31T17:00:32.675798 - Poll 8: Status=in-progress, TranscriptLen=0
2026-08-31T17:00:35.213765 - Poll 9: Status=in-progress, TranscriptLen=0
2026-08-31T17:00:37.671437 - Poll 10: Status=in-progress, TranscriptLen=0
2026-08-31T17:00:40.190284 - Poll 11: Status=in-progress, TranscriptLen=0
2026-08-31T17:00:42.651113 - Poll 12: Status=in-progress, TranscriptLen=0
2026-08-31T17:00:45.318619 - Poll 13: Status=in-progress, TranscriptLen=0
2026-08-31T17:00:47.933666 - Poll 14: Status=in-progress, TranscriptLen=0
2026-08-31T17:00:50.479475 - Poll 15: Status=in-progress, TranscriptLen=0
2026-08-31T17:00:53.011517 - Poll 16: Status=in-progress, TranscriptLen=0
2026-08-31T17:00:55.627810 - Poll 17: Status=in-progress, TranscriptLen=0
2026-08-31T17:00:58.194812 - Poll 18: Status=in-progress, TranscriptLen=0
2026-08-31T17:01:00.832258 - Poll 19: Status=in-progress, TranscriptLen=0
2026-08-31T17:01:03.398986 - Poll 20: Status=in-progress, TranscriptLen=0
2026-08-31T17:01:06.079785 - Poll 21: Status=in-progress, TranscriptLen=0
2026-08-31T17:01:08.682650 - Poll 22: Status=in-progress, TranscriptLen=0
2026-08-31T17:01:11.327441 - Poll 23: Status=in-progress, TranscriptLen=0
2026-08-31T17:01:13.909443 - Poll 24: Status=in-progress, TranscriptLen=0
2026-08-31T17:01:16.511702 - Poll 25: Status=in-progress, TranscriptLen=0
2026-08-31T17:01:19.031248 - Poll 26: Status=in-progress, TranscriptLen=0
2026-08-31T17:01:21.673392 - Poll 27: Status=in-progress, TranscriptLen=0
2026-08-31T17:01:24.136915 - Poll 28: Status=in-progress, TranscriptLen=0
2026-08-31T17:01:26.707534 - Poll 29: Status=in-progress, TranscriptLen=0
2026-08-31T17:01:29.280761 - Poll 30: Status=in-progress, TranscriptLen=0
2026-08-31T17:01:31.989994 - Poll 31: Status=in-progress, TranscriptLen=0
2026-08-31T17:01:34.661977 - Poll 32: Status=in-progress, TranscriptLen=0
2026-08-31T17:01:37.507808 - Poll 33: Status=in-progress, TranscriptLen=0
2026-08-31T17:01:40.193914 - Poll 34: Status=in-progress, TranscriptLen=0
2026-08-31T17:01:42.916308 - Poll 35: Status=in-progress, TranscriptLen=0
2026-08-31T17:01:45.462404 - Poll 36: Status=in-progress, TranscriptLen=0
2026-08-31T17:01:48.189100 - Poll 37: Status=in-progress, TranscriptLen=0
2026-08-31T17:01:50.876561 - Poll 38: Status=in-progress, TranscriptLen=0
2026-08-31T17:01:53.511977 - Poll 39: Status=in-progress, TranscriptLen=0
2026-08-31T17:01:56.114206 - Poll 40: Status=in-progress, TranscriptLen=0
2026-08-31T17:01:58.752991 - Poll 41: Status=in-progress, TranscriptLen=0
2026-08-31T17:02:01.228738 - Poll 42: Status=in-progress, TranscriptLen=0
2026-08-31T17:02:03.826958 - Poll 43: Status=in-progress, TranscriptLen=0
2026-08-31T17:02:06.310519 - Poll 44: Status=in-progress, TranscriptLen=0
2026-08-31T17:02:08.915574 - Poll 45: Status=in-progress, TranscriptLen=0
2026-08-31T17:02:11.508171 - Poll 46: Status=in-progress, TranscriptLen=0
2026-08-31T17:02:14.078938 - Poll 47: Status=in-progress, TranscriptLen=0
2026-08-31T17:02:16.713701 - Poll 48: Status=in-progress, TranscriptLen=0
2026-08-31T17:02:19.399297 - Poll 49: Status=in-progress, TranscriptLen=0
2026-08-31T17:02:22.147123 - Poll 50: Status=call-disconnected, TranscriptLen=1873
2026-08-31T17:02:24.613991 - Poll 51: Status=call-disconnected, TranscriptLen=1873
2026-08-31T17:02:27.000433 - Poll 52: Status=call-disconnected, TranscriptLen=1873
2026-08-31T17:02:29.464615 - Poll 53: Status=call-disconnected, TranscriptLen=1873
2026-08-31T17:02:31.883890 - Poll 54: Status=call-disconnected, TranscriptLen=1873
2026-08-31T17:02:34.343766 - Poll 55: Status=call-disconnected, TranscriptLen=1873
2026-08-31T17:02:36.734601 - Poll 56: Status=call-disconnected, TranscriptLen=1873
2026-08-31T17:02:39.130522 - Poll 57: Status=call-disconnected, TranscriptLen=1873
2026-08-31T17:02:41.549214 - Poll 58: Status=call-disconnected, TranscriptLen=1873
2026-08-31T17:02:43.936535 - Poll 59: Status=completed, TranscriptLen=1873
